,date,state,fips,cases,deaths,1st_day,day
0,2020-01-21,Washington,53,1,0,2020-01-21,0
1,2020-01-22,Washington,53,1,0,2020-01-21,1
2,2020-01-23,Washington,53,1,0,2020-01-21,2
3,2020-01-24,Illinois,17,1,0,2020-01-24,0
4,2020-01-24,Washington,53,1,0,2020-01-21,3
5,2020-01-25,California,6,1,0,2020-01-25,0
6,2020-01-25,Illinois,17,1,0,2020-01-24,1
7,2020-01-25,Washington,53,1,0,2020-01-21,4
8,2020-01-26,Arizona,4,1,0,2020-01-26,0
9,2020-01-26,California,6,2,0,2020-01-25,1
10,2020-01-26,Illinois,17,1,0,2020-01-24,2
11,2020-01-26,Washington,53,1,0,2020-01-21,5
12,2020-01-27,Arizona,4,1,0,2020-01-26,1
13,2020-01-27,California,6,2,0,2020-01-25,2
14,2020-01-27,Illinois,17,1,0,2020-01-24,3
15,2020-01-27,Washington,53,1,0,2020-01-21,6
16,2020-01-28,Arizona,4,1,0,2020-01-26,2
17,2020-01-28,California,6,2,0,2020-01-25,3
18,2020-01-28,Illinois,17,1,0,2020-01-24,4
19,2020-01-28,Washington,53,1,0,2020-01-21,7
20,2020-01-29,Arizona,4,1,0,2020-01-26,3
21,2020-01-29,California,6,2,0,2020-01-25,4
22,2020-01-29,Illinois,17,1,0,2020-01-24,5
23,2020-01-29,Washington,53,1,0,2020-01-21,8
24,2020-01-30,Arizona,4,1,0,2020-01-26,4
25,2020-01-30,California,6,2,0,2020-01-25,5
26,2020-01-30,Illinois,17,2,0,2020-01-24,6
27,2020-01-30,Washington,53,1,0,2020-01-21,9
28,2020-01-31,Arizona,4,1,0,2020-01-26,5
29,2020-01-31,California,6,3,0,2020-01-25,6
30,2020-01-31,Illinois,17,2,0,2020-01-24,7
31,2020-01-31,Washington,53,1,0,2020-01-21,10
32,2020-02-01,Arizona,4,1,0,2020-01-26,6
33,2020-02-01,California,6,3,0,2020-01-25,7
34,2020-02-01,Illinois,17,2,0,2020-01-24,8
35,2020-02-01,Massachusetts,25,1,0,2020-02-01,0
36,2020-02-01,Washington,53,1,0,2020-01-21,11
37,2020-02-02,Arizona,4,1,0,2020-01-26,7
38,2020-02-02,California,6,6,0,2020-01-25,8
39,2020-02-02,Illinois,17,2,0,2020-01-24,9
40,2020-02-02,Massachusetts,25,1,0,2020-02-01,1
41,2020-02-02,Washington,53,1,0,2020-01-21,12
42,2020-02-03,Arizona,4,1,0,2020-01-26,8
43,2020-02-03,California,6,6,0,2020-01-25,9
44,2020-02-03,Illinois,17,2,0,2020-01-24,10
45,2020-02-03,Massachusetts,25,1,0,2020-02-01,2
46,2020-02-03,Washington,53,1,0,2020-01-21,13
47,2020-02-04,Arizona,4,1,0,2020-01-26,9
48,2020-02-04,California,6,6,0,2020-01-25,10
49,2020-02-04,Illinois,17,2,0,2020-01-24,11
50,2020-02-04,Massachusetts,25,1,0,2020-02-01,3
51,2020-02-04,Washington,53,1,0,2020-01-21,14
52,2020-02-05,Arizona,4,1,0,2020-01-26,10
53,2020-02-05,California,6,6,0,2020-01-25,11
54,2020-02-05,Illinois,17,2,0,2020-01-24,12
55,2020-02-05,Massachusetts,25,1,0,2020-02-01,4
56,2020-02-05,Washington,53,1,0,2020-01-21,15
57,2020-02-05,Wisconsin,55,1,0,2020-02-05,0
58,2020-02-06,Arizona,4,1,0,2020-01-26,11
59,2020-02-06,California,6,6,0,2020-01-25,12
60,2020-02-06,Illinois,17,2,0,2020-01-24,13
61,2020-02-06,Massachusetts,25,1,0,2020-02-01,5
62,2020-02-06,Washington,53,1,0,2020-01-21,16
63,2020-02-06,Wisconsin,55,1,0,2020-02-05,1
64,2020-02-07,Arizona,4,1,0,2020-01-26,12
65,2020-02-07,California,6,6,0,2020-01-25,13
66,2020-02-07,Illinois,17,2,0,2020-01-24,14
67,2020-02-07,Massachusetts,25,1,0,2020-02-01,6
68,2020-02-07,Washington,53,1,0,2020-01-21,17
69,2020-02-07,Wisconsin,55,1,0,2020-02-05,2
70,2020-02-08,Arizona,4,1,0,2020-01-26,13
71,2020-02-08,California,6,6,0,2020-01-25,14
72,2020-02-08,Illinois,17,2,0,2020-01-24,15
73,2020-02-08,Massachusetts,25,1,0,2020-02-01,7
74,2020-02-08,Washington,53,1,0,2020-01-21,18
75,2020-02-08,Wisconsin,55,1,0,2020-02-05,3
76,2020-02-09,Arizona,4,1,0,2020-01-26,14
77,2020-02-09,California,6,6,0,2020-01-25,15
78,2020-02-09,Illinois,17,2,0,2020-01-24,16
79,2020-02-09,Massachusetts,25,1,0,2020-02-01,8
80,2020-02-09,Washington,53,1,0,2020-01-21,19
81,2020-02-09,Wisconsin,55,1,0,2020-02-05,4
82,2020-02-10,Arizona,4,1,0,2020-01-26,15
83,2020-02-10,California,6,7,0,2020-01-25,16
84,2020-02-10,Illinois,17,2,0,2020-01-24,17
85,2020-02-10,Massachusetts,25,1,0,2020-02-01,9
86,2020-02-10,Washington,53,1,0,2020-01-21,20
87,2020-02-10,Wisconsin,55,1,0,2020-02-05,5
88,2020-02-11,Arizona,4,1,0,2020-01-26,16
89,2020-02-11,California,6,7,0,2020-01-25,17
90,2020-02-11,Illinois,17,2,0,2020-01-24,18
91,2020-02-11,Massachusetts,25,1,0,2020-02-01,10
92,2020-02-11,Washington,53,1,0,2020-01-21,21
93,2020-02-11,Wisconsin,55,1,0,2020-02-05,6
94,2020-02-12,Arizona,4,1,0,2020-01-26,17
95,2020-02-12,California,6,7,0,2020-01-25,18
96,2020-02-12,Illinois,17,2,0,2020-01-24,19
97,2020-02-12,Massachusetts,25,1,0,2020-02-01,11
98,2020-02-12,Texas,48,1,0,2020-02-12,0
99,2020-02-12,Washington,53,1,0,2020-01-21,22
100,2020-02-12,Wisconsin,55,1,0,2020-02-05,7
101,2020-02-13,Arizona,4,1,0,2020-01-26,18
102,2020-02-13,California,6,7,0,2020-01-25,19
103,2020-02-13,Illinois,17,2,0,2020-01-24,20
104,2020-02-13,Massachusetts,25,1,0,2020-02-01,12
105,2020-02-13,Texas,48,2,0,2020-02-12,1
106,2020-02-13,Washington,53,1,0,2020-01-21,23
107,2020-02-13,Wisconsin,55,1,0,2020-02-05,8
108,2020-02-14,Arizona,4,1,0,2020-01-26,19
109,2020-02-14,California,6,7,0,2020-01-25,20
110,2020-02-14,Illinois,17,2,0,2020-01-24,21
111,2020-02-14,Massachusetts,25,1,0,2020-02-01,13
112,2020-02-14,Texas,48,2,0,2020-02-12,2
113,2020-02-14,Washington,53,1,0,2020-01-21,24
114,2020-02-14,Wisconsin,55,1,0,2020-02-05,9
115,2020-02-15,Arizona,4,1,0,2020-01-26,20
116,2020-02-15,California,6,7,0,2020-01-25,21
117,2020-02-15,Illinois,17,2,0,2020-01-24,22
118,2020-02-15,Massachusetts,25,1,0,2020-02-01,14
119,2020-02-15,Texas,48,2,0,2020-02-12,3
120,2020-02-15,Washington,53,1,0,2020-01-21,25
121,2020-02-15,Wisconsin,55,1,0,2020-02-05,10
122,2020-02-16,Arizona,4,1,0,2020-01-26,21
123,2020-02-16,California,6,7,0,2020-01-25,22
124,2020-02-16,Illinois,17,2,0,2020-01-24,23
125,2020-02-16,Massachusetts,25,1,0,2020-02-01,15
126,2020-02-16,Texas,48,2,0,2020-02-12,4
127,2020-02-16,Washington,53,1,0,2020-01-21,26
128,2020-02-16,Wisconsin,55,1,0,2020-02-05,11
129,2020-02-17,Arizona,4,1,0,2020-01-26,22
130,2020-02-17,California,6,7,0,2020-01-25,23
131,2020-02-17,Illinois,17,2,0,2020-01-24,24
132,2020-02-17,Massachusetts,25,1,0,2020-02-01,16
133,2020-02-17,Nebraska,31,10,0,2020-02-17,0
134,2020-02-17,Texas,48,2,0,2020-02-12,5
135,2020-02-17,Washington,53,1,0,2020-01-21,27
136,2020-02-17,Wisconsin,55,1,0,2020-02-05,12
137,2020-02-18,Arizona,4,1,0,2020-01-26,23
138,2020-02-18,California,6,7,0,2020-01-25,24
139,2020-02-18,Illinois,17,2,0,2020-01-24,25
140,2020-02-18,Massachusetts,25,1,0,2020-02-01,17
141,2020-02-18,Nebraska,31,10,0,2020-02-17,1
142,2020-02-18,Texas,48,2,0,2020-02-12,6
143,2020-02-18,Washington,53,1,0,2020-01-21,28
144,2020-02-18,Wisconsin,55,1,0,2020-02-05,13
145,2020-02-19,Arizona,4,1,0,2020-01-26,24
146,2020-02-19,California,6,7,0,2020-01-25,25
147,2020-02-19,Illinois,17,2,0,2020-01-24,26
148,2020-02-19,Massachusetts,25,1,0,2020-02-01,18
149,2020-02-19,Nebraska,31,10,0,2020-02-17,2
150,2020-02-19,Texas,48,2,0,2020-02-12,7
151,2020-02-19,Washington,53,1,0,2020-01-21,29
152,2020-02-19,Wisconsin,55,1,0,2020-02-05,14
153,2020-02-20,Arizona,4,1,0,2020-01-26,25
154,2020-02-20,California,6,8,0,2020-01-25,26
155,2020-02-20,Illinois,17,2,0,2020-01-24,27
156,2020-02-20,Massachusetts,25,1,0,2020-02-01,19
157,2020-02-20,Nebraska,31,11,0,2020-02-17,3
158,2020-02-20,Texas,48,2,0,2020-02-12,8
159,2020-02-20,Washington,53,1,0,2020-01-21,30
160,2020-02-20,Wisconsin,55,1,0,2020-02-05,15
161,2020-02-21,Arizona,4,1,0,2020-01-26,26
162,2020-02-21,California,6,9,0,2020-01-25,27
163,2020-02-21,Illinois,17,2,0,2020-01-24,28
164,2020-02-21,Massachusetts,25,1,0,2020-02-01,20
165,2020-02-21,Nebraska,31,11,0,2020-02-17,4
166,2020-02-21,Texas,48,4,0,2020-02-12,9
167,2020-02-21,Washington,53,1,0,2020-01-21,31
168,2020-02-21,Wisconsin,55,1,0,2020-02-05,16
169,2020-02-22,Arizona,4,1,0,2020-01-26,27
170,2020-02-22,California,6,9,0,2020-01-25,28
171,2020-02-22,Illinois,17,2,0,2020-01-24,29
172,2020-02-22,Massachusetts,25,1,0,2020-02-01,21
173,2020-02-22,Nebraska,31,11,0,2020-02-17,5
174,2020-02-22,Texas,48,4,0,2020-02-12,10
175,2020-02-22,Washington,53,1,0,2020-01-21,32
176,2020-02-22,Wisconsin,55,1,0,2020-02-05,17
177,2020-02-23,Arizona,4,1,0,2020-01-26,28
178,2020-02-23,California,6,9,0,2020-01-25,29
179,2020-02-23,Illinois,17,2,0,2020-01-24,30
180,2020-02-23,Massachusetts,25,1,0,2020-02-01,22
181,2020-02-23,Nebraska,31,11,0,2020-02-17,6
182,2020-02-23,Texas,48,4,0,2020-02-12,11
183,2020-02-23,Washington,53,1,0,2020-01-21,33
184,2020-02-23,Wisconsin,55,1,0,2020-02-05,18
185,2020-02-24,Arizona,4,1,0,2020-01-26,29
186,2020-02-24,California,6,11,0,2020-01-25,30
187,2020-02-24,Illinois,17,2,0,2020-01-24,31
188,2020-02-24,Massachusetts,25,1,0,2020-02-01,23
189,2020-02-24,Nebraska,31,12,0,2020-02-17,7
190,2020-02-24,Texas,48,10,0,2020-02-12,12
191,2020-02-24,Washington,53,5,0,2020-01-21,34
192,2020-02-24,Wisconsin,55,1,0,2020-02-05,19
193,2020-02-25,Arizona,4,1,0,2020-01-26,30
194,2020-02-25,California,6,11,0,2020-01-25,31
195,2020-02-25,Illinois,17,2,0,2020-01-24,32
196,2020-02-25,Massachusetts,25,1,0,2020-02-01,24
197,2020-02-25,Nebraska,31,13,0,2020-02-17,8
198,2020-02-25,Texas,48,10,0,2020-02-12,13
199,2020-02-25,Utah,49,1,0,2020-02-25,0
200,2020-02-25,Washington,53,5,0,2020-01-21,35
201,2020-02-25,Wisconsin,55,1,0,2020-02-05,20
202,2020-02-26,Arizona,4,1,0,2020-01-26,31
203,2020-02-26,California,6,26,0,2020-01-25,32
204,2020-02-26,Illinois,17,2,0,2020-01-24,33
205,2020-02-26,Massachusetts,25,1,0,2020-02-01,25
206,2020-02-26,Nebraska,31,13,0,2020-02-17,9
207,2020-02-26,Texas,48,10,0,2020-02-12,14
208,2020-02-26,Utah,49,1,0,2020-02-25,1
209,2020-02-26,Washington,53,5,0,2020-01-21,36
210,2020-02-26,Wisconsin,55,1,0,2020-02-05,21
211,2020-02-27,Arizona,4,1,0,2020-01-26,32
212,2020-02-27,California,6,26,0,2020-01-25,33
213,2020-02-27,Illinois,17,2,0,2020-01-24,34
214,2020-02-27,Massachusetts,25,1,0,2020-02-01,26
215,2020-02-27,Nebraska,31,13,0,2020-02-17,10
216,2020-02-27,Texas,48,10,0,2020-02-12,15
217,2020-02-27,Utah,49,1,0,2020-02-25,2
218,2020-02-27,Washington,53,5,0,2020-01-21,37
219,2020-02-27,Wisconsin,55,1,0,2020-02-05,22
220,2020-02-28,Arizona,4,1,0,2020-01-26,33
221,2020-02-28,California,6,27,0,2020-01-25,34
222,2020-02-28,Illinois,17,2,0,2020-01-24,35
223,2020-02-28,Massachusetts,25,1,0,2020-02-01,27
224,2020-02-28,Nebraska,31,13,0,2020-02-17,11
225,2020-02-28,Oregon,41,1,0,2020-02-28,0
226,2020-02-28,Texas,48,11,0,2020-02-12,16
227,2020-02-28,Utah,49,1,0,2020-02-25,3
228,2020-02-28,Washington,53,7,0,2020-01-21,38
229,2020-02-28,Wisconsin,55,1,0,2020-02-05,23
230,2020-02-29,Arizona,4,1,0,2020-01-26,34
231,2020-02-29,California,6,28,0,2020-01-25,35
232,2020-02-29,Illinois,17,3,0,2020-01-24,36
233,2020-02-29,Massachusetts,25,1,0,2020-02-01,28
234,2020-02-29,Nebraska,31,13,0,2020-02-17,12
235,2020-02-29,Oregon,41,1,0,2020-02-28,1
236,2020-02-29,Texas,48,11,0,2020-02-12,17
237,2020-02-29,Utah,49,1,0,2020-02-25,4
238,2020-02-29,Washington,53,10,1,2020-01-21,39
239,2020-02-29,Wisconsin,55,1,0,2020-02-05,24
240,2020-03-01,Arizona,4,1,0,2020-01-26,35
241,2020-03-01,California,6,33,0,2020-01-25,36
242,2020-03-01,Florida,12,2,0,2020-03-01,0
243,2020-03-01,Illinois,17,3,0,2020-01-24,37
244,2020-03-01,Massachusetts,25,1,0,2020-02-01,29
245,2020-03-01,Nebraska,31,13,0,2020-02-17,13
246,2020-03-01,New York,36,1,0,2020-03-01,0
247,2020-03-01,Oregon,41,2,0,2020-02-28,2
248,2020-03-01,Rhode Island,44,2,0,2020-03-01,0
249,2020-03-01,Texas,48,11,0,2020-02-12,18
250,2020-03-01,Utah,49,1,0,2020-02-25,5
251,2020-03-01,Washington,53,17,3,2020-01-21,40
252,2020-03-01,Wisconsin,55,1,0,2020-02-05,25
253,2020-03-02,Arizona,4,1,0,2020-01-26,36
254,2020-03-02,California,6,38,0,2020-01-25,37
255,2020-03-02,Florida,12,2,0,2020-03-01,1
256,2020-03-02,Georgia,13,2,0,2020-03-02,0
257,2020-03-02,Illinois,17,4,0,2020-01-24,38
258,2020-03-02,Massachusetts,25,2,0,2020-02-01,30
259,2020-03-02,Nebraska,31,13,0,2020-02-17,14
260,2020-03-02,New Hampshire,33,1,0,2020-03-02,0
261,2020-03-02,New York,36,1,0,2020-03-01,1
262,2020-03-02,Oregon,41,2,0,2020-02-28,3
263,2020-03-02,Rhode Island,44,2,0,2020-03-01,1
264,2020-03-02,Texas,48,11,0,2020-02-12,19
265,2020-03-02,Utah,49,1,0,2020-02-25,6
266,2020-03-02,Washington,53,23,6,2020-01-21,41
267,2020-03-02,Wisconsin,55,1,0,2020-02-05,26
268,2020-03-03,Arizona,4,2,0,2020-01-26,37
269,2020-03-03,California,6,45,0,2020-01-25,38
270,2020-03-03,Florida,12,3,0,2020-03-01,2
271,2020-03-03,Georgia,13,2,0,2020-03-02,1
272,2020-03-03,Illinois,17,4,0,2020-01-24,39
273,2020-03-03,Massachusetts,25,2,0,2020-02-01,31
274,2020-03-03,Nebraska,31,13,0,2020-02-17,15
275,2020-03-03,New Hampshire,33,2,0,2020-03-02,1
276,2020-03-03,New York,36,2,0,2020-03-01,2
277,2020-03-03,North Carolina,37,1,0,2020-03-03,0
278,2020-03-03,Oregon,41,2,0,2020-02-28,4
279,2020-03-03,Rhode Island,44,2,0,2020-03-01,2
280,2020-03-03,Texas,48,11,0,2020-02-12,20
281,2020-03-03,Utah,49,1,0,2020-02-25,7
282,2020-03-03,Washington,53,32,10,2020-01-21,42
283,2020-03-03,Wisconsin,55,1,0,2020-02-05,27
284,2020-03-04,Arizona,4,2,0,2020-01-26,38
285,2020-03-04,California,6,55,1,2020-01-25,39
286,2020-03-04,Florida,12,3,0,2020-03-01,3
287,2020-03-04,Georgia,13,2,0,2020-03-02,2
288,2020-03-04,Illinois,17,4,0,2020-01-24,40
289,2020-03-04,Massachusetts,25,2,0,2020-02-01,32
290,2020-03-04,Nebraska,31,13,0,2020-02-17,16
291,2020-03-04,New Hampshire,33,2,0,2020-03-02,2
292,2020-03-04,New Jersey,34,1,0,2020-03-04,0
293,2020-03-04,New York,36,11,0,2020-03-01,3
294,2020-03-04,North Carolina,37,1,0,2020-03-03,1
295,2020-03-04,Oregon,41,2,0,2020-02-28,5
296,2020-03-04,Rhode Island,44,2,0,2020-03-01,3
297,2020-03-04,Texas,48,12,0,2020-02-12,21
298,2020-03-04,Utah,49,1,0,2020-02-25,8
299,2020-03-04,Washington,53,47,11,2020-01-21,43
300,2020-03-04,Wisconsin,55,1,0,2020-02-05,28
301,2020-03-05,Arizona,4,2,0,2020-01-26,39
302,2020-03-05,California,6,67,1,2020-01-25,40
303,2020-03-05,Colorado,8,2,0,2020-03-05,0
304,2020-03-05,Florida,12,4,0,2020-03-01,4
305,2020-03-05,Georgia,13,2,0,2020-03-02,3
306,2020-03-05,Illinois,17,5,0,2020-01-24,41
307,2020-03-05,Maryland,24,3,0,2020-03-05,0
308,2020-03-05,Massachusetts,25,3,0,2020-02-01,33
309,2020-03-05,Nebraska,31,13,0,2020-02-17,17
310,2020-03-05,Nevada,32,2,0,2020-03-05,0
311,2020-03-05,New Hampshire,33,2,0,2020-03-02,3
312,2020-03-05,New Jersey,34,2,0,2020-03-04,1
313,2020-03-05,New York,36,22,0,2020-03-01,4
314,2020-03-05,North Carolina,37,1,0,2020-03-03,2
315,2020-03-05,Oregon,41,2,0,2020-02-28,6
316,2020-03-05,Rhode Island,44,2,0,2020-03-01,4
317,2020-03-05,Tennessee,47,1,0,2020-03-05,0
318,2020-03-05,Texas,48,16,0,2020-02-12,22
319,2020-03-05,Utah,49,1,0,2020-02-25,9
320,2020-03-05,Washington,53,75,11,2020-01-21,44
321,2020-03-05,Wisconsin,55,1,0,2020-02-05,29
322,2020-03-06,Arizona,4,3,0,2020-01-26,40
323,2020-03-06,California,6,81,1,2020-01-25,41
324,2020-03-06,Colorado,8,8,0,2020-03-05,1
325,2020-03-06,Florida,12,7,2,2020-03-01,5
326,2020-03-06,Georgia,13,3,0,2020-03-02,4
327,2020-03-06,Hawaii,15,1,0,2020-03-06,0
328,2020-03-06,Illinois,17,6,0,2020-01-24,42
329,2020-03-06,Indiana,18,1,0,2020-03-06,0
330,2020-03-06,Kentucky,21,1,0,2020-03-06,0
331,2020-03-06,Maryland,24,3,0,2020-03-05,1
332,2020-03-06,Massachusetts,25,8,0,2020-02-01,34
333,2020-03-06,Minnesota,27,1,0,2020-03-06,0
334,2020-03-06,Nebraska,31,14,0,2020-02-17,18
335,2020-03-06,Nevada,32,2,0,2020-03-05,1
336,2020-03-06,New Hampshire,33,2,0,2020-03-02,4
337,2020-03-06,New Jersey,34,4,0,2020-03-04,2
338,2020-03-06,New York,36,44,0,2020-03-01,5
339,2020-03-06,North Carolina,37,2,0,2020-03-03,3
340,2020-03-06,Oklahoma,40,1,0,2020-03-06,0
341,2020-03-06,Oregon,41,2,0,2020-02-28,7
342,2020-03-06,Pennsylvania,42,2,0,2020-03-06,0
343,2020-03-06,Rhode Island,44,3,0,2020-03-01,5
344,2020-03-06,South Carolina,45,2,0,2020-03-06,0
345,2020-03-06,Tennessee,47,1,0,2020-03-05,1
346,2020-03-06,Texas,48,19,0,2020-02-12,23
347,2020-03-06,Utah,49,3,0,2020-02-25,10
348,2020-03-06,Washington,53,86,12,2020-01-21,45
349,2020-03-06,Wisconsin,55,1,0,2020-02-05,30
350,2020-03-07,Arizona,4,5,0,2020-01-26,41
351,2020-03-07,California,6,100,1,2020-01-25,42
352,2020-03-07,Colorado,8,8,0,2020-03-05,2
353,2020-03-07,District of Columbia,11,1,0,2020-03-07,0
354,2020-03-07,Florida,12,12,2,2020-03-01,6
355,2020-03-07,Georgia,13,7,0,2020-03-02,5
356,2020-03-07,Hawaii,15,1,0,2020-03-06,1
357,2020-03-07,Illinois,17,6,0,2020-01-24,43
358,2020-03-07,Indiana,18,1,0,2020-03-06,1
359,2020-03-07,Kansas,20,1,0,2020-03-07,0
360,2020-03-07,Kentucky,21,1,0,2020-03-06,1
361,2020-03-07,Maryland,24,3,0,2020-03-05,2
362,2020-03-07,Massachusetts,25,13,0,2020-02-01,35
363,2020-03-07,Minnesota,27,1,0,2020-03-06,1
364,2020-03-07,Missouri,29,1,0,2020-03-07,0
365,2020-03-07,Nebraska,31,14,0,2020-02-17,19
366,2020-03-07,Nevada,32,2,0,2020-03-05,2
367,2020-03-07,New Hampshire,33,4,0,2020-03-02,5
368,2020-03-07,New Jersey,34,4,0,2020-03-04,3
369,2020-03-07,New York,36,89,0,2020-03-01,6
370,2020-03-07,North Carolina,37,2,0,2020-03-03,4
371,2020-03-07,Oklahoma,40,1,0,2020-03-06,1
372,2020-03-07,Oregon,41,6,0,2020-02-28,8
373,2020-03-07,Pennsylvania,42,4,0,2020-03-06,1
374,2020-03-07,Rhode Island,44,3,0,2020-03-01,6
375,2020-03-07,South Carolina,45,2,0,2020-03-06,1
376,2020-03-07,Tennessee,47,1,0,2020-03-05,2
377,2020-03-07,Texas,48,19,0,2020-02-12,24
378,2020-03-07,Utah,49,3,0,2020-02-25,11
379,2020-03-07,Vermont,50,1,0,2020-03-07,0
380,2020-03-07,Virginia,51,1,0,2020-03-07,0
381,2020-03-07,Washington,53,110,16,2020-01-21,46
382,2020-03-07,Wisconsin,55,1,0,2020-02-05,31
383,2020-03-08,Arizona,4,5,0,2020-01-26,42
384,2020-03-08,California,6,112,1,2020-01-25,43
385,2020-03-08,Colorado,8,8,0,2020-03-05,3
386,2020-03-08,Connecticut,9,1,0,2020-03-08,0
387,2020-03-08,District of Columbia,11,1,0,2020-03-07,1
388,2020-03-08,Florida,12,13,2,2020-03-01,7
389,2020-03-08,Georgia,13,11,0,2020-03-02,6
390,2020-03-08,Hawaii,15,2,0,2020-03-06,2
391,2020-03-08,Illinois,17,7,0,2020-01-24,44
392,2020-03-08,Indiana,18,2,0,2020-03-06,2
393,2020-03-08,Iowa,19,3,0,2020-03-08,0
394,2020-03-08,Kansas,20,1,0,2020-03-07,1
395,2020-03-08,Kentucky,21,4,0,2020-03-06,2
396,2020-03-08,Maryland,24,5,0,2020-03-05,3
397,2020-03-08,Massachusetts,25,28,0,2020-02-01,36
398,2020-03-08,Minnesota,27,2,0,2020-03-06,2
399,2020-03-08,Missouri,29,1,0,2020-03-07,1
400,2020-03-08,Nebraska,31,16,0,2020-02-17,20
401,2020-03-08,Nevada,32,4,0,2020-03-05,3
402,2020-03-08,New Hampshire,33,4,0,2020-03-02,6
403,2020-03-08,New Jersey,34,6,0,2020-03-04,4
404,2020-03-08,New York,36,106,0,2020-03-01,7
405,2020-03-08,North Carolina,37,2,0,2020-03-03,5
406,2020-03-08,Oklahoma,40,1,0,2020-03-06,2
407,2020-03-08,Oregon,41,13,0,2020-02-28,9
408,2020-03-08,Pennsylvania,42,6,0,2020-03-06,2
409,2020-03-08,Rhode Island,44,3,0,2020-03-01,7
410,2020-03-08,South Carolina,45,6,0,2020-03-06,2
411,2020-03-08,Tennessee,47,3,0,2020-03-05,3
412,2020-03-08,Texas,48,23,0,2020-02-12,25
413,2020-03-08,Utah,49,3,0,2020-02-25,12
414,2020-03-08,Vermont,50,1,0,2020-03-07,1
415,2020-03-08,Virginia,51,2,0,2020-03-07,1
416,2020-03-08,Washington,53,141,19,2020-01-21,47
417,2020-03-08,Wisconsin,55,1,0,2020-02-05,32
418,2020-03-09,Arizona,4,6,0,2020-01-26,43
419,2020-03-09,California,6,172,2,2020-01-25,44
420,2020-03-09,Colorado,8,12,0,2020-03-05,4
421,2020-03-09,Connecticut,9,2,0,2020-03-08,1
422,2020-03-09,District of Columbia,11,4,0,2020-03-07,2
423,2020-03-09,Florida,12,14,2,2020-03-01,8
424,2020-03-09,Georgia,13,17,0,2020-03-02,7
425,2020-03-09,Hawaii,15,2,0,2020-03-06,3
426,2020-03-09,Illinois,17,11,0,2020-01-24,45
427,2020-03-09,Indiana,18,4,0,2020-03-06,3
428,2020-03-09,Iowa,19,8,0,2020-03-08,1
429,2020-03-09,Kansas,20,1,0,2020-03-07,2
430,2020-03-09,Kentucky,21,5,0,2020-03-06,3
431,2020-03-09,Louisiana,22,1,0,2020-03-09,0
432,2020-03-09,Maryland,24,6,0,2020-03-05,4
433,2020-03-09,Massachusetts,25,41,0,2020-02-01,37
434,2020-03-09,Minnesota,27,2,0,2020-03-06,3
435,2020-03-09,Missouri,29,1,0,2020-03-07,2
436,2020-03-09,Nebraska,31,16,0,2020-02-17,21
437,2020-03-09,Nevada,32,4,0,2020-03-05,4
438,2020-03-09,New Hampshire,33,4,0,2020-03-02,7
439,2020-03-09,New Jersey,34,11,0,2020-03-04,5
440,2020-03-09,New York,36,142,0,2020-03-01,8
441,2020-03-09,North Carolina,37,7,0,2020-03-03,6
442,2020-03-09,Ohio,39,3,0,2020-03-09,0
443,2020-03-09,Oklahoma,40,1,0,2020-03-06,3
444,2020-03-09,Oregon,41,13,0,2020-02-28,10
445,2020-03-09,Pennsylvania,42,10,0,2020-03-06,3
446,2020-03-09,Rhode Island,44,3,0,2020-03-01,8
447,2020-03-09,South Carolina,45,7,0,2020-03-06,3
448,2020-03-09,Tennessee,47,4,0,2020-03-05,4
449,2020-03-09,Texas,48,24,0,2020-02-12,26
450,2020-03-09,Utah,49,3,0,2020-02-25,13
451,2020-03-09,Vermont,50,1,0,2020-03-07,2
452,2020-03-09,Virginia,51,5,0,2020-03-07,2
453,2020-03-09,Washington,53,179,22,2020-01-21,48
454,2020-03-09,Wisconsin,55,2,0,2020-02-05,33
455,2020-03-10,Arizona,4,6,0,2020-01-26,44
456,2020-03-10,California,6,179,3,2020-01-25,45
457,2020-03-10,Colorado,8,17,0,2020-03-05,5
458,2020-03-10,Connecticut,9,2,0,2020-03-08,2
459,2020-03-10,District of Columbia,11,4,0,2020-03-07,3
460,2020-03-10,Florida,12,23,2,2020-03-01,9
461,2020-03-10,Georgia,13,22,0,2020-03-02,8
462,2020-03-10,Hawaii,15,2,0,2020-03-06,4
463,2020-03-10,Illinois,17,19,0,2020-01-24,46
464,2020-03-10,Indiana,18,6,0,2020-03-06,4
465,2020-03-10,Iowa,19,13,0,2020-03-08,2
466,2020-03-10,Kansas,20,1,0,2020-03-07,3
467,2020-03-10,Kentucky,21,7,0,2020-03-06,4
468,2020-03-10,Louisiana,22,6,0,2020-03-09,1
469,2020-03-10,Maryland,24,9,0,2020-03-05,5
470,2020-03-10,Massachusetts,25,92,0,2020-02-01,38
471,2020-03-10,Michigan,26,2,0,2020-03-10,0
472,2020-03-10,Minnesota,27,3,0,2020-03-06,4
473,2020-03-10,Missouri,29,1,0,2020-03-07,3
474,2020-03-10,Nebraska,31,17,0,2020-02-17,22
475,2020-03-10,Nevada,32,4,0,2020-03-05,5
476,2020-03-10,New Hampshire,33,5,0,2020-03-02,8
477,2020-03-10,New Jersey,34,15,1,2020-03-04,6
478,2020-03-10,New York,36,173,0,2020-03-01,9
479,2020-03-10,North Carolina,37,7,0,2020-03-03,7
480,2020-03-10,Ohio,39,3,0,2020-03-09,1
481,2020-03-10,Oklahoma,40,2,0,2020-03-06,4
482,2020-03-10,Oregon,41,14,0,2020-02-28,11
483,2020-03-10,Pennsylvania,42,12,0,2020-03-06,4
484,2020-03-10,Rhode Island,44,5,0,2020-03-01,9
485,2020-03-10,South Carolina,45,9,0,2020-03-06,4
486,2020-03-10,South Dakota,46,5,1,2020-03-10,0
487,2020-03-10,Tennessee,47,7,0,2020-03-05,5
488,2020-03-10,Texas,48,31,0,2020-02-12,27
489,2020-03-10,Utah,49,4,0,2020-02-25,14
490,2020-03-10,Vermont,50,1,0,2020-03-07,3
491,2020-03-10,Virginia,51,8,0,2020-03-07,3
492,2020-03-10,Washington,53,279,24,2020-01-21,49
493,2020-03-10,Wisconsin,55,3,0,2020-02-05,34
494,2020-03-11,Arizona,4,9,0,2020-01-26,45
495,2020-03-11,Arkansas,5,1,0,2020-03-11,0
496,2020-03-11,California,6,202,4,2020-01-25,46
497,2020-03-11,Colorado,8,34,0,2020-03-05,6
498,2020-03-11,Connecticut,9,3,0,2020-03-08,3
499,2020-03-11,Delaware,10,1,0,2020-03-11,0
500,2020-03-11,District of Columbia,11,10,0,2020-03-07,4
501,2020-03-11,Florida,12,26,2,2020-03-01,10
502,2020-03-11,Georgia,13,31,0,2020-03-02,9
503,2020-03-11,Hawaii,15,2,0,2020-03-06,5
504,2020-03-11,Illinois,17,25,0,2020-01-24,47
505,2020-03-11,Indiana,18,11,0,2020-03-06,5
506,2020-03-11,Iowa,19,14,0,2020-03-08,3
507,2020-03-11,Kansas,20,1,0,2020-03-07,4
508,2020-03-11,Kentucky,21,7,0,2020-03-06,5
509,2020-03-11,Louisiana,22,13,0,2020-03-09,2
510,2020-03-11,Maryland,24,13,0,2020-03-05,6
511,2020-03-11,Massachusetts,25,95,0,2020-02-01,39
512,2020-03-11,Michigan,26,2,0,2020-03-10,1
513,2020-03-11,Minnesota,27,5,0,2020-03-06,5
514,2020-03-11,Mississippi,28,1,0,2020-03-11,0
515,2020-03-11,Missouri,29,1,0,2020-03-07,4
516,2020-03-11,Nebraska,31,23,0,2020-02-17,23
517,2020-03-11,Nevada,32,7,0,2020-03-05,6
518,2020-03-11,New Hampshire,33,5,0,2020-03-02,9
519,2020-03-11,New Jersey,34,23,1,2020-03-04,7
520,2020-03-11,New Mexico,35,4,0,2020-03-11,0
521,2020-03-11,New York,36,217,0,2020-03-01,10
522,2020-03-11,North Carolina,37,8,0,2020-03-03,8
523,2020-03-11,North Dakota,38,1,0,2020-03-11,0
524,2020-03-11,Ohio,39,4,0,2020-03-09,2
525,2020-03-11,Oklahoma,40,2,0,2020-03-06,5
526,2020-03-11,Oregon,41,20,0,2020-02-28,12
527,2020-03-11,Pennsylvania,42,16,0,2020-03-06,5
528,2020-03-11,Rhode Island,44,5,0,2020-03-01,10
529,2020-03-11,South Carolina,45,10,0,2020-03-06,5
530,2020-03-11,South Dakota,46,8,1,2020-03-10,1
531,2020-03-11,Tennessee,47,8,0,2020-03-05,6
532,2020-03-11,Texas,48,33,0,2020-02-12,28
533,2020-03-11,Utah,49,5,0,2020-02-25,15
534,2020-03-11,Vermont,50,2,0,2020-03-07,4
535,2020-03-11,Virginia,51,10,0,2020-03-07,4
536,2020-03-11,Washington,53,338,29,2020-01-21,50
537,2020-03-11,Wisconsin,55,6,0,2020-02-05,35
538,2020-03-11,Wyoming,56,1,0,2020-03-11,0
539,2020-03-12,Alaska,2,1,0,2020-03-12,0
540,2020-03-12,Arizona,4,9,0,2020-01-26,46
541,2020-03-12,Arkansas,5,6,0,2020-03-11,1
542,2020-03-12,California,6,252,4,2020-01-25,47
543,2020-03-12,Colorado,8,49,1,2020-03-05,7
544,2020-03-12,Connecticut,9,6,0,2020-03-08,4
545,2020-03-12,Delaware,10,4,0,2020-03-11,1
546,2020-03-12,District of Columbia,11,10,0,2020-03-07,5
547,2020-03-12,Florida,12,46,2,2020-03-01,11
548,2020-03-12,Georgia,13,31,1,2020-03-02,10
549,2020-03-12,Hawaii,15,2,0,2020-03-06,6
550,2020-03-12,Illinois,17,32,0,2020-01-24,48
551,2020-03-12,Indiana,18,12,0,2020-03-06,6
552,2020-03-12,Iowa,19,16,0,2020-03-08,4
553,2020-03-12,Kansas,20,5,1,2020-03-07,5
554,2020-03-12,Kentucky,21,11,0,2020-03-06,6
555,2020-03-12,Louisiana,22,14,0,2020-03-09,3
556,2020-03-12,Maine,23,1,0,2020-03-12,0
557,2020-03-12,Maryland,24,13,0,2020-03-05,7
558,2020-03-12,Massachusetts,25,108,0,2020-02-01,40
559,2020-03-12,Michigan,26,12,0,2020-03-10,2
560,2020-03-12,Minnesota,27,9,0,2020-03-06,6
561,2020-03-12,Mississippi,28,1,0,2020-03-11,1
562,2020-03-12,Missouri,29,2,0,2020-03-07,5
563,2020-03-12,Nebraska,31,24,0,2020-02-17,24
564,2020-03-12,Nevada,32,11,0,2020-03-05,7
565,2020-03-12,New Hampshire,33,6,0,2020-03-02,10
566,2020-03-12,New Jersey,34,29,1,2020-03-04,8
567,2020-03-12,New Mexico,35,6,0,2020-03-11,1
568,2020-03-12,New York,36,326,0,2020-03-01,11
569,2020-03-12,North Carolina,37,16,0,2020-03-03,9
570,2020-03-12,North Dakota,38,1,0,2020-03-11,1
571,2020-03-12,Ohio,39,5,0,2020-03-09,3
572,2020-03-12,Oklahoma,40,2,0,2020-03-06,6
573,2020-03-12,Oregon,41,30,0,2020-02-28,13
574,2020-03-12,Pennsylvania,42,22,0,2020-03-06,6
575,2020-03-12,Rhode Island,44,5,0,2020-03-01,11
576,2020-03-12,South Carolina,45,12,0,2020-03-06,6
577,2020-03-12,South Dakota,46,8,1,2020-03-10,2
578,2020-03-12,Tennessee,47,18,0,2020-03-05,7
579,2020-03-12,Texas,48,41,0,2020-02-12,29
580,2020-03-12,Utah,49,7,0,2020-02-25,16
581,2020-03-12,Vermont,50,2,0,2020-03-07,5
582,2020-03-12,Virginia,51,17,0,2020-03-07,5
583,2020-03-12,Washington,53,419,32,2020-01-21,51
584,2020-03-12,Wisconsin,55,8,0,2020-02-05,36
585,2020-03-12,Wyoming,56,1,0,2020-03-11,1
586,2020-03-13,Alabama,1,6,0,2020-03-13,0
587,2020-03-13,Alaska,2,1,0,2020-03-12,1
588,2020-03-13,Arizona,4,9,0,2020-01-26,47
589,2020-03-13,Arkansas,5,7,0,2020-03-11,2
590,2020-03-13,California,6,320,5,2020-01-25,48
591,2020-03-13,Colorado,8,78,2,2020-03-05,8
592,2020-03-13,Connecticut,9,11,0,2020-03-08,5
593,2020-03-13,Delaware,10,4,0,2020-03-11,2
594,2020-03-13,District of Columbia,11,10,0,2020-03-07,6
595,2020-03-13,Florida,12,70,2,2020-03-01,12
596,2020-03-13,Georgia,13,41,1,2020-03-02,11
597,2020-03-13,Hawaii,15,2,0,2020-03-06,7
598,2020-03-13,Idaho,16,1,0,2020-03-13,0
599,2020-03-13,Illinois,17,46,0,2020-01-24,49
600,2020-03-13,Indiana,18,12,0,2020-03-06,7
601,2020-03-13,Iowa,19,17,0,2020-03-08,5
602,2020-03-13,Kansas,20,6,1,2020-03-07,6
603,2020-03-13,Kentucky,21,11,0,2020-03-06,7
604,2020-03-13,Louisiana,22,36,0,2020-03-09,4
605,2020-03-13,Maine,23,2,0,2020-03-12,1
606,2020-03-13,Maryland,24,18,0,2020-03-05,8
607,2020-03-13,Massachusetts,25,123,0,2020-02-01,41
608,2020-03-13,Michigan,26,25,0,2020-03-10,3
609,2020-03-13,Minnesota,27,14,0,2020-03-06,7
610,2020-03-13,Mississippi,28,6,0,2020-03-11,2
611,2020-03-13,Missouri,29,4,0,2020-03-07,6
612,2020-03-13,Montana,30,4,0,2020-03-13,0
613,2020-03-13,Nebraska,31,27,0,2020-02-17,25
614,2020-03-13,Nevada,32,19,0,2020-03-05,8
615,2020-03-13,New Hampshire,33,7,0,2020-03-02,11
616,2020-03-13,New Jersey,34,50,1,2020-03-04,9
617,2020-03-13,New Mexico,35,10,0,2020-03-11,2
618,2020-03-13,New York,36,421,0,2020-03-01,12
619,2020-03-13,North Carolina,37,18,0,2020-03-03,10
620,2020-03-13,North Dakota,38,1,0,2020-03-11,2
621,2020-03-13,Ohio,39,13,0,2020-03-09,4
622,2020-03-13,Oklahoma,40,3,0,2020-03-06,7
623,2020-03-13,Oregon,41,30,0,2020-02-28,14
624,2020-03-13,Pennsylvania,42,41,0,2020-03-06,7
625,2020-03-13,Puerto Rico,72,3,0,2020-03-13,0
626,2020-03-13,Rhode Island,44,20,0,2020-03-01,12
627,2020-03-13,South Carolina,45,13,0,2020-03-06,7
628,2020-03-13,South Dakota,46,9,1,2020-03-10,3
629,2020-03-13,Tennessee,47,26,0,2020-03-05,8
630,2020-03-13,Texas,48,58,0,2020-02-12,30
631,2020-03-13,Utah,49,7,0,2020-02-25,17
632,2020-03-13,Vermont,50,2,0,2020-03-07,6
633,2020-03-13,Virginia,51,30,0,2020-03-07,6
634,2020-03-13,Washington,53,511,37,2020-01-21,52
635,2020-03-13,Wisconsin,55,19,0,2020-02-05,37
636,2020-03-13,Wyoming,56,2,0,2020-03-11,2
637,2020-03-14,Alabama,1,12,0,2020-03-13,1
638,2020-03-14,Alaska,2,1,0,2020-03-12,2
639,2020-03-14,Arizona,4,12,0,2020-01-26,48
640,2020-03-14,Arkansas,5,9,0,2020-03-11,3
641,2020-03-14,California,6,381,5,2020-01-25,49
642,2020-03-14,Colorado,8,103,2,2020-03-05,9
643,2020-03-14,Connecticut,9,20,0,2020-03-08,6
644,2020-03-14,Delaware,10,4,0,2020-03-11,3
645,2020-03-14,District of Columbia,11,16,0,2020-03-07,7
646,2020-03-14,Florida,12,70,3,2020-03-01,13
647,2020-03-14,Georgia,13,65,1,2020-03-02,12
648,2020-03-14,Hawaii,15,4,0,2020-03-06,8
649,2020-03-14,Idaho,16,5,0,2020-03-13,1
650,2020-03-14,Illinois,17,66,0,2020-01-24,50
651,2020-03-14,Indiana,18,15,0,2020-03-06,8
652,2020-03-14,Iowa,19,18,0,2020-03-08,6
653,2020-03-14,Kansas,20,8,1,2020-03-07,7
654,2020-03-14,Kentucky,21,18,0,2020-03-06,8
655,2020-03-14,Louisiana,22,77,1,2020-03-09,5
656,2020-03-14,Maine,23,3,0,2020-03-12,2
657,2020-03-14,Maryland,24,27,0,2020-03-05,9
658,2020-03-14,Massachusetts,25,138,0,2020-02-01,42
659,2020-03-14,Michigan,26,33,0,2020-03-10,4
660,2020-03-14,Minnesota,27,21,0,2020-03-06,8
661,2020-03-14,Mississippi,28,6,0,2020-03-11,3
662,2020-03-14,Missouri,29,5,0,2020-03-07,7
663,2020-03-14,Montana,30,6,0,2020-03-13,1
664,2020-03-14,Nebraska,31,29,0,2020-02-17,26
665,2020-03-14,Nevada,32,21,0,2020-03-05,9
666,2020-03-14,New Hampshire,33,7,0,2020-03-02,12
667,2020-03-14,New Jersey,34,75,2,2020-03-04,10
668,2020-03-14,New Mexico,35,13,0,2020-03-11,3
669,2020-03-14,New York,36,610,2,2020-03-01,13
670,2020-03-14,North Carolina,37,25,0,2020-03-03,11
671,2020-03-14,North Dakota,38,1,0,2020-03-11,3
672,2020-03-14,Ohio,39,26,0,2020-03-09,5
673,2020-03-14,Oklahoma,40,4,0,2020-03-06,8
674,2020-03-14,Oregon,41,36,1,2020-02-28,15
675,2020-03-14,Pennsylvania,42,47,0,2020-03-06,8
676,2020-03-14,Puerto Rico,72,4,0,2020-03-13,1
677,2020-03-14,Rhode Island,44,20,0,2020-03-01,13
678,2020-03-14,South Carolina,45,19,0,2020-03-06,8
679,2020-03-14,South Dakota,46,9,1,2020-03-10,4
680,2020-03-14,Tennessee,47,32,0,2020-03-05,9
681,2020-03-14,Texas,48,69,0,2020-02-12,31
682,2020-03-14,Utah,49,21,0,2020-02-25,18
683,2020-03-14,Vermont,50,5,0,2020-03-07,7
684,2020-03-14,Virgin Islands,78,1,0,2020-03-14,0
685,2020-03-14,Virginia,51,42,1,2020-03-07,7
686,2020-03-14,Washington,53,609,40,2020-01-21,53
687,2020-03-14,Wisconsin,55,27,0,2020-02-05,38
688,2020-03-14,Wyoming,56,3,0,2020-03-11,3
689,2020-03-15,Alabama,1,23,0,2020-03-13,2
690,2020-03-15,Alaska,2,1,0,2020-03-12,3
691,2020-03-15,Arizona,4,13,0,2020-01-26,49
692,2020-03-15,Arkansas,5,16,0,2020-03-11,4
693,2020-03-15,California,6,478,6,2020-01-25,50
694,2020-03-15,Colorado,8,136,2,2020-03-05,10
695,2020-03-15,Connecticut,9,26,0,2020-03-08,7
696,2020-03-15,Delaware,10,7,0,2020-03-11,4
697,2020-03-15,District of Columbia,11,17,0,2020-03-07,8
698,2020-03-15,Florida,12,109,3,2020-03-01,14
699,2020-03-15,Georgia,13,97,1,2020-03-02,13
700,2020-03-15,Guam,66,3,0,2020-03-15,0
701,2020-03-15,Hawaii,15,7,0,2020-03-06,9
702,2020-03-15,Idaho,16,5,0,2020-03-13,2
703,2020-03-15,Illinois,17,94,0,2020-01-24,51
704,2020-03-15,Indiana,18,19,0,2020-03-06,9
705,2020-03-15,Iowa,19,22,0,2020-03-08,7
706,2020-03-15,Kansas,20,9,1,2020-03-07,8
707,2020-03-15,Kentucky,21,21,0,2020-03-06,9
708,2020-03-15,Louisiana,22,103,2,2020-03-09,6
709,2020-03-15,Maine,23,12,0,2020-03-12,3
710,2020-03-15,Maryland,24,32,0,2020-03-05,10
711,2020-03-15,Massachusetts,25,164,0,2020-02-01,43
712,2020-03-15,Michigan,26,53,0,2020-03-10,5
713,2020-03-15,Minnesota,27,35,0,2020-03-06,9
714,2020-03-15,Mississippi,28,10,0,2020-03-11,4
715,2020-03-15,Missouri,29,5,0,2020-03-07,8
716,2020-03-15,Montana,30,6,0,2020-03-13,2
717,2020-03-15,Nebraska,31,31,0,2020-02-17,27
718,2020-03-15,Nevada,32,26,0,2020-03-05,10
719,2020-03-15,New Hampshire,33,13,0,2020-03-02,13
720,2020-03-15,New Jersey,34,98,2,2020-03-04,11
721,2020-03-15,New Mexico,35,17,0,2020-03-11,4
722,2020-03-15,New York,36,732,6,2020-03-01,14
723,2020-03-15,North Carolina,37,32,0,2020-03-03,12
724,2020-03-15,North Dakota,38,1,0,2020-03-11,4
725,2020-03-15,Ohio,39,37,0,2020-03-09,6
726,2020-03-15,Oklahoma,40,8,0,2020-03-06,9
727,2020-03-15,Oregon,41,39,1,2020-02-28,16
728,2020-03-15,Pennsylvania,42,68,0,2020-03-06,9
729,2020-03-15,Puerto Rico,72,5,0,2020-03-13,2
730,2020-03-15,Rhode Island,44,20,0,2020-03-01,14
731,2020-03-15,South Carolina,45,28,0,2020-03-06,9
732,2020-03-15,South Dakota,46,9,1,2020-03-10,5
733,2020-03-15,Tennessee,47,39,0,2020-03-05,10
734,2020-03-15,Texas,48,80,0,2020-02-12,32
735,2020-03-15,Utah,49,29,0,2020-02-25,19
736,2020-03-15,Vermont,50,8,0,2020-03-07,8
737,2020-03-15,Virgin Islands,78,1,0,2020-03-14,1
738,2020-03-15,Virginia,51,45,1,2020-03-07,8
739,2020-03-15,Washington,53,675,42,2020-01-21,54
740,2020-03-15,Wisconsin,55,33,0,2020-02-05,39
741,2020-03-15,Wyoming,56,3,0,2020-03-11,4
742,2020-03-16,Alabama,1,29,0,2020-03-13,3
743,2020-03-16,Alaska,2,3,0,2020-03-12,4
744,2020-03-16,Arizona,4,18,0,2020-01-26,50
745,2020-03-16,Arkansas,5,22,0,2020-03-11,5
746,2020-03-16,California,6,588,11,2020-01-25,51
747,2020-03-16,Colorado,8,161,2,2020-03-05,11
748,2020-03-16,Connecticut,9,41,0,2020-03-08,8
749,2020-03-16,Delaware,10,8,0,2020-03-11,5
750,2020-03-16,District of Columbia,11,22,0,2020-03-07,9
751,2020-03-16,Florida,12,141,4,2020-03-01,15
752,2020-03-16,Georgia,13,118,1,2020-03-02,14
753,2020-03-16,Guam,66,3,0,2020-03-15,1
754,2020-03-16,Hawaii,15,10,0,2020-03-06,10
755,2020-03-16,Idaho,16,5,0,2020-03-13,3
756,2020-03-16,Illinois,17,104,0,2020-01-24,52
757,2020-03-16,Indiana,18,24,1,2020-03-06,10
758,2020-03-16,Iowa,19,22,0,2020-03-08,8
759,2020-03-16,Kansas,20,11,1,2020-03-07,9
760,2020-03-16,Kentucky,21,22,1,2020-03-06,10
761,2020-03-16,Louisiana,22,137,3,2020-03-09,7
762,2020-03-16,Maine,23,17,0,2020-03-12,4
763,2020-03-16,Maryland,24,39,0,2020-03-05,11
764,2020-03-16,Massachusetts,25,197,0,2020-02-01,44
765,2020-03-16,Michigan,26,54,0,2020-03-10,6
766,2020-03-16,Minnesota,27,54,0,2020-03-06,10
767,2020-03-16,Mississippi,28,12,0,2020-03-11,5
768,2020-03-16,Missouri,29,9,0,2020-03-07,9
769,2020-03-16,Montana,30,8,0,2020-03-13,3
770,2020-03-16,Nebraska,31,33,0,2020-02-17,28
771,2020-03-16,Nevada,32,45,1,2020-03-05,11
772,2020-03-16,New Hampshire,33,17,0,2020-03-02,14
773,2020-03-16,New Jersey,34,176,3,2020-03-04,12
774,2020-03-16,New Mexico,35,21,0,2020-03-11,5
775,2020-03-16,New York,36,950,10,2020-03-01,15
776,2020-03-16,North Carolina,37,34,0,2020-03-03,13
777,2020-03-16,North Dakota,38,1,0,2020-03-11,5
778,2020-03-16,Ohio,39,50,0,2020-03-09,7
779,2020-03-16,Oklahoma,40,10,0,2020-03-06,10
780,2020-03-16,Oregon,41,46,1,2020-02-28,17
781,2020-03-16,Pennsylvania,42,81,0,2020-03-06,10
782,2020-03-16,Puerto Rico,72,5,0,2020-03-13,3
783,2020-03-16,Rhode Island,44,21,0,2020-03-01,15
784,2020-03-16,South Carolina,45,33,1,2020-03-06,10
785,2020-03-16,South Dakota,46,10,1,2020-03-10,6
786,2020-03-16,Tennessee,47,52,0,2020-03-05,11
787,2020-03-16,Texas,48,87,1,2020-02-12,33
788,2020-03-16,Utah,49,40,0,2020-02-25,20
789,2020-03-16,Vermont,50,12,0,2020-03-07,9
790,2020-03-16,Virgin Islands,78,2,0,2020-03-14,2
791,2020-03-16,Virginia,51,51,1,2020-03-07,9
792,2020-03-16,Washington,53,794,48,2020-01-21,55
793,2020-03-16,Wisconsin,55,47,0,2020-02-05,40
794,2020-03-16,Wyoming,56,10,0,2020-03-11,5
795,2020-03-17,Alabama,1,39,0,2020-03-13,4
796,2020-03-17,Alaska,2,6,0,2020-03-12,5
797,2020-03-17,Arizona,4,20,0,2020-01-26,51
798,2020-03-17,Arkansas,5,22,0,2020-03-11,6
799,2020-03-17,California,6,732,14,2020-01-25,52
800,2020-03-17,Colorado,8,183,3,2020-03-05,12
801,2020-03-17,Connecticut,9,68,0,2020-03-08,9
802,2020-03-17,Delaware,10,16,0,2020-03-11,6
803,2020-03-17,District of Columbia,11,31,0,2020-03-07,10
804,2020-03-17,Florida,12,210,6,2020-03-01,16
805,2020-03-17,Georgia,13,142,1,2020-03-02,15
806,2020-03-17,Guam,66,3,0,2020-03-15,2
807,2020-03-17,Hawaii,15,14,0,2020-03-06,11
808,2020-03-17,Idaho,16,9,0,2020-03-13,4
809,2020-03-17,Illinois,17,159,1,2020-01-24,53
810,2020-03-17,Indiana,18,30,2,2020-03-06,11
811,2020-03-17,Iowa,19,29,0,2020-03-08,9
812,2020-03-17,Kansas,20,17,1,2020-03-07,10
813,2020-03-17,Kentucky,21,26,1,2020-03-06,11
814,2020-03-17,Louisiana,22,196,5,2020-03-09,8
815,2020-03-17,Maine,23,32,0,2020-03-12,5
816,2020-03-17,Maryland,24,57,0,2020-03-05,12
817,2020-03-17,Massachusetts,25,218,0,2020-02-01,45
818,2020-03-17,Michigan,26,65,0,2020-03-10,7
819,2020-03-17,Minnesota,27,60,0,2020-03-06,11
820,2020-03-17,Mississippi,28,21,0,2020-03-11,6
821,2020-03-17,Missouri,29,16,0,2020-03-07,10
822,2020-03-17,Montana,30,8,0,2020-03-13,4
823,2020-03-17,Nebraska,31,36,0,2020-02-17,29
824,2020-03-17,Nevada,32,55,1,2020-03-05,12
825,2020-03-17,New Hampshire,33,26,0,2020-03-02,15
826,2020-03-17,New Jersey,34,268,3,2020-03-04,13
827,2020-03-17,New Mexico,35,23,0,2020-03-11,6
828,2020-03-17,New York,36,1374,17,2020-03-01,16
829,2020-03-17,North Carolina,37,42,0,2020-03-03,14
830,2020-03-17,North Dakota,38,5,0,2020-03-11,6
831,2020-03-17,Ohio,39,67,0,2020-03-09,8
832,2020-03-17,Oklahoma,40,18,0,2020-03-06,11
833,2020-03-17,Oregon,41,66,2,2020-02-28,18
834,2020-03-17,Pennsylvania,42,101,0,2020-03-06,11
835,2020-03-17,Puerto Rico,72,5,0,2020-03-13,4
836,2020-03-17,Rhode Island,44,23,0,2020-03-01,16
837,2020-03-17,South Carolina,45,47,1,2020-03-06,11
838,2020-03-17,South Dakota,46,11,1,2020-03-10,7
839,2020-03-17,Tennessee,47,73,0,2020-03-05,12
840,2020-03-17,Texas,48,106,1,2020-02-12,34
841,2020-03-17,Utah,49,51,0,2020-02-25,21
842,2020-03-17,Vermont,50,14,0,2020-03-07,10
843,2020-03-17,Virgin Islands,78,2,0,2020-03-14,3
844,2020-03-17,Virginia,51,67,2,2020-03-07,10
845,2020-03-17,Washington,53,908,54,2020-01-21,56
846,2020-03-17,West Virginia,54,1,0,2020-03-17,0
847,2020-03-17,Wisconsin,55,72,0,2020-02-05,41
848,2020-03-17,Wyoming,56,15,0,2020-03-11,6
849,2020-03-18,Alabama,1,51,0,2020-03-13,5
850,2020-03-18,Alaska,2,9,0,2020-03-12,6
851,2020-03-18,Arizona,4,28,0,2020-01-26,52
852,2020-03-18,Arkansas,5,33,0,2020-03-11,7
853,2020-03-18,California,6,893,17,2020-01-25,53
854,2020-03-18,Colorado,8,216,3,2020-03-05,13
855,2020-03-18,Connecticut,9,96,1,2020-03-08,10
856,2020-03-18,Delaware,10,26,0,2020-03-11,7
857,2020-03-18,District of Columbia,11,36,0,2020-03-07,11
858,2020-03-18,Florida,12,326,7,2020-03-01,17
859,2020-03-18,Georgia,13,193,3,2020-03-02,16
860,2020-03-18,Guam,66,8,0,2020-03-15,3
861,2020-03-18,Hawaii,15,16,0,2020-03-06,12
862,2020-03-18,Idaho,16,11,0,2020-03-13,5
863,2020-03-18,Illinois,17,286,1,2020-01-24,54
864,2020-03-18,Indiana,18,39,2,2020-03-06,12
865,2020-03-18,Iowa,19,38,0,2020-03-08,10
866,2020-03-18,Kansas,20,22,1,2020-03-07,11
867,2020-03-18,Kentucky,21,35,1,2020-03-06,12
868,2020-03-18,Louisiana,22,280,7,2020-03-09,9
869,2020-03-18,Maine,23,43,0,2020-03-12,6
870,2020-03-18,Maryland,24,85,1,2020-03-05,13
871,2020-03-18,Massachusetts,25,256,0,2020-02-01,46
872,2020-03-18,Michigan,26,80,1,2020-03-10,8
873,2020-03-18,Minnesota,27,77,0,2020-03-06,12
874,2020-03-18,Mississippi,28,34,0,2020-03-11,7
875,2020-03-18,Missouri,29,21,1,2020-03-07,11
876,2020-03-18,Montana,30,12,0,2020-03-13,5
877,2020-03-18,Nebraska,31,43,0,2020-02-17,30
878,2020-03-18,Nevada,32,82,1,2020-03-05,13
879,2020-03-18,New Hampshire,33,39,0,2020-03-02,16
880,2020-03-18,New Jersey,34,427,5,2020-03-04,14
881,2020-03-18,New Mexico,35,28,0,2020-03-11,7
882,2020-03-18,New York,36,2382,27,2020-03-01,17
883,2020-03-18,North Carolina,37,66,0,2020-03-03,15
884,2020-03-18,North Dakota,38,7,0,2020-03-11,7
885,2020-03-18,Ohio,39,90,0,2020-03-09,9
886,2020-03-18,Oklahoma,40,29,0,2020-03-06,12
887,2020-03-18,Oregon,41,74,3,2020-02-28,19
888,2020-03-18,Pennsylvania,42,139,1,2020-03-06,12
889,2020-03-18,Puerto Rico,72,5,0,2020-03-13,5
890,2020-03-18,Rhode Island,44,33,0,2020-03-01,17
891,2020-03-18,South Carolina,45,60,1,2020-03-06,12
892,2020-03-18,South Dakota,46,11,1,2020-03-10,8
893,2020-03-18,Tennessee,47,98,0,2020-03-05,13
894,2020-03-18,Texas,48,166,2,2020-02-12,35
895,2020-03-18,Utah,49,65,0,2020-02-25,22
896,2020-03-18,Vermont,50,19,0,2020-03-07,11
897,2020-03-18,Virgin Islands,78,3,0,2020-03-14,4
898,2020-03-18,Virginia,51,78,2,2020-03-07,11
899,2020-03-18,Washington,53,1026,68,2020-01-21,57
900,2020-03-18,West Virginia,54,2,0,2020-03-17,1
901,2020-03-18,Wisconsin,55,106,0,2020-02-05,42
902,2020-03-18,Wyoming,56,17,0,2020-03-11,7
903,2020-03-19,Alabama,1,78,0,2020-03-13,6
904,2020-03-19,Alaska,2,12,0,2020-03-12,7
905,2020-03-19,Arizona,4,47,0,2020-01-26,53
906,2020-03-19,Arkansas,5,62,0,2020-03-11,8
907,2020-03-19,California,6,1067,19,2020-01-25,54
908,2020-03-19,Colorado,8,278,5,2020-03-05,14
909,2020-03-19,Connecticut,9,159,4,2020-03-08,11
910,2020-03-19,Delaware,10,30,0,2020-03-11,8
911,2020-03-19,District of Columbia,11,68,0,2020-03-07,12
912,2020-03-19,Florida,12,434,8,2020-03-01,18
913,2020-03-19,Georgia,13,282,10,2020-03-02,17
914,2020-03-19,Guam,66,12,0,2020-03-15,4
915,2020-03-19,Hawaii,15,26,0,2020-03-06,13
916,2020-03-19,Idaho,16,23,0,2020-03-13,6
917,2020-03-19,Illinois,17,420,4,2020-01-24,55
918,2020-03-19,Indiana,18,56,2,2020-03-06,13
919,2020-03-19,Iowa,19,44,0,2020-03-08,11
920,2020-03-19,Kansas,20,35,1,2020-03-07,12
921,2020-03-19,Kentucky,21,47,2,2020-03-06,13
922,2020-03-19,Louisiana,22,392,10,2020-03-09,10
923,2020-03-19,Maine,23,52,0,2020-03-12,7
924,2020-03-19,Maryland,24,108,1,2020-03-05,14
925,2020-03-19,Massachusetts,25,328,0,2020-02-01,47
926,2020-03-19,Michigan,26,334,3,2020-03-10,9
927,2020-03-19,Minnesota,27,89,0,2020-03-06,13
928,2020-03-19,Mississippi,28,50,1,2020-03-11,8
929,2020-03-19,Missouri,29,35,1,2020-03-07,12
930,2020-03-19,Montana,30,19,0,2020-03-13,6
931,2020-03-19,Nebraska,31,47,0,2020-02-17,31
932,2020-03-19,Nevada,32,99,1,2020-03-05,14
933,2020-03-19,New Hampshire,33,44,0,2020-03-02,17
934,2020-03-19,New Jersey,34,735,9,2020-03-04,15
935,2020-03-19,New Mexico,35,35,0,2020-03-11,8
936,2020-03-19,New York,36,4152,30,2020-03-01,18
937,2020-03-19,North Carolina,37,104,0,2020-03-03,16
938,2020-03-19,North Dakota,38,19,0,2020-03-11,8
939,2020-03-19,Ohio,39,120,0,2020-03-09,10
940,2020-03-19,Oklahoma,40,44,1,2020-03-06,13
941,2020-03-19,Oregon,41,87,3,2020-02-28,20
942,2020-03-19,Pennsylvania,42,187,1,2020-03-06,13
943,2020-03-19,Puerto Rico,72,6,0,2020-03-13,6
944,2020-03-19,Rhode Island,44,44,0,2020-03-01,18
945,2020-03-19,South Carolina,45,81,1,2020-03-06,13
946,2020-03-19,South Dakota,46,14,1,2020-03-10,9
947,2020-03-19,Tennessee,47,155,0,2020-03-05,14
948,2020-03-19,Texas,48,248,4,2020-02-12,36
949,2020-03-19,Utah,49,80,0,2020-02-25,23
950,2020-03-19,Vermont,50,22,2,2020-03-07,12
951,2020-03-19,Virgin Islands,78,3,0,2020-03-14,5
952,2020-03-19,Virginia,51,94,2,2020-03-07,12
953,2020-03-19,Washington,53,1228,75,2020-01-21,58
954,2020-03-19,West Virginia,54,5,0,2020-03-17,2
955,2020-03-19,Wisconsin,55,155,2,2020-02-05,43
956,2020-03-19,Wyoming,56,18,0,2020-03-11,8
957,2020-03-20,Alabama,1,106,0,2020-03-13,7
958,2020-03-20,Alaska,2,14,0,2020-03-12,8
959,2020-03-20,Arizona,4,70,1,2020-01-26,54
960,2020-03-20,Arkansas,5,100,0,2020-03-11,9
961,2020-03-20,California,6,1283,24,2020-01-25,55
962,2020-03-20,Colorado,8,364,5,2020-03-05,15
963,2020-03-20,Connecticut,9,194,4,2020-03-08,12
964,2020-03-20,Delaware,10,39,0,2020-03-11,9
965,2020-03-20,District of Columbia,11,77,1,2020-03-07,13
966,2020-03-20,Florida,12,564,9,2020-03-01,19
967,2020-03-20,Georgia,13,482,14,2020-03-02,18
968,2020-03-20,Guam,66,14,0,2020-03-15,5
969,2020-03-20,Hawaii,15,37,0,2020-03-06,14
970,2020-03-20,Idaho,16,31,0,2020-03-13,7
971,2020-03-20,Illinois,17,583,5,2020-01-24,56
972,2020-03-20,Indiana,18,79,3,2020-03-06,14
973,2020-03-20,Iowa,19,45,0,2020-03-08,12
974,2020-03-20,Kansas,20,49,1,2020-03-07,13
975,2020-03-20,Kentucky,21,63,2,2020-03-06,14
976,2020-03-20,Louisiana,22,537,10,2020-03-09,11
977,2020-03-20,Maine,23,57,0,2020-03-12,8
978,2020-03-20,Maryland,24,150,2,2020-03-05,15
979,2020-03-20,Massachusetts,25,413,1,2020-02-01,48
980,2020-03-20,Michigan,26,548,4,2020-03-10,10
981,2020-03-20,Minnesota,27,115,0,2020-03-06,14
982,2020-03-20,Mississippi,28,80,1,2020-03-11,9
983,2020-03-20,Missouri,29,73,3,2020-03-07,13
984,2020-03-20,Montana,30,19,0,2020-03-13,7
985,2020-03-20,Nebraska,31,53,0,2020-02-17,32
986,2020-03-20,Nevada,32,165,2,2020-03-05,15
987,2020-03-20,New Hampshire,33,55,0,2020-03-02,18
988,2020-03-20,New Jersey,34,896,11,2020-03-04,16
989,2020-03-20,New Mexico,35,43,0,2020-03-11,9
990,2020-03-20,New York,36,7102,57,2020-03-01,19
991,2020-03-20,North Carolina,37,144,0,2020-03-03,17
992,2020-03-20,North Dakota,38,27,0,2020-03-11,9
993,2020-03-20,Ohio,39,169,1,2020-03-09,11
994,2020-03-20,Oklahoma,40,49,1,2020-03-06,14
995,2020-03-20,Oregon,41,114,3,2020-02-28,21
996,2020-03-20,Pennsylvania,42,269,1,2020-03-06,14
997,2020-03-20,Puerto Rico,72,14,0,2020-03-13,7
998,2020-03-20,Rhode Island,44,44,0,2020-03-01,19
999,2020-03-20,South Carolina,45,126,3,2020-03-06,14
1000,2020-03-20,South Dakota,46,14,1,2020-03-10,10
1001,2020-03-20,Tennessee,47,237,0,2020-03-05,15
1002,2020-03-20,Texas,48,377,5,2020-02-12,37
1003,2020-03-20,Utah,49,112,0,2020-02-25,24
1004,2020-03-20,Vermont,50,29,2,2020-03-07,13
1005,2020-03-20,Virgin Islands,78,6,0,2020-03-14,6
1006,2020-03-20,Virginia,51,115,2,2020-03-07,13
1007,2020-03-20,Washington,53,1404,83,2020-01-21,59
1008,2020-03-20,West Virginia,54,8,0,2020-03-17,3
1009,2020-03-20,Wisconsin,55,216,3,2020-02-05,44
1010,2020-03-20,Wyoming,56,22,0,2020-03-11,9
1011,2020-03-21,Alabama,1,131,0,2020-03-13,8
1012,2020-03-21,Alaska,2,21,0,2020-03-12,9
1013,2020-03-21,Arizona,4,104,1,2020-01-26,55
1014,2020-03-21,Arkansas,5,118,0,2020-03-11,10
1015,2020-03-21,California,6,1544,28,2020-01-25,56
1016,2020-03-21,Colorado,8,475,6,2020-03-05,16
1017,2020-03-21,Connecticut,9,223,5,2020-03-08,13
1018,2020-03-21,Delaware,10,45,0,2020-03-11,10
1019,2020-03-21,District of Columbia,11,98,1,2020-03-07,14
1020,2020-03-21,Florida,12,764,11,2020-03-01,20
1021,2020-03-21,Georgia,13,552,20,2020-03-02,19
1022,2020-03-21,Guam,66,15,0,2020-03-15,6
1023,2020-03-21,Hawaii,15,48,0,2020-03-06,15
1024,2020-03-21,Idaho,16,42,0,2020-03-13,8
1025,2020-03-21,Illinois,17,751,6,2020-01-24,57
1026,2020-03-21,Indiana,18,126,4,2020-03-06,15
1027,2020-03-21,Iowa,19,68,0,2020-03-08,13
1028,2020-03-21,Kansas,20,57,2,2020-03-07,14
1029,2020-03-21,Kentucky,21,84,3,2020-03-06,15
1030,2020-03-21,Louisiana,22,763,16,2020-03-09,12
1031,2020-03-21,Maine,23,70,0,2020-03-12,9
1032,2020-03-21,Maryland,24,195,3,2020-03-05,16
1033,2020-03-21,Massachusetts,25,525,2,2020-02-01,49
1034,2020-03-21,Michigan,26,787,6,2020-03-10,11
1035,2020-03-21,Minnesota,27,138,1,2020-03-06,15
1036,2020-03-21,Mississippi,28,140,1,2020-03-11,10
1037,2020-03-21,Missouri,29,93,3,2020-03-07,14
1038,2020-03-21,Montana,30,29,0,2020-03-13,8
1039,2020-03-21,Nebraska,31,61,0,2020-02-17,33
1040,2020-03-21,Nevada,32,165,2,2020-03-05,16
1041,2020-03-21,New Hampshire,33,65,0,2020-03-02,19
1042,2020-03-21,New Jersey,34,1336,16,2020-03-04,17
1043,2020-03-21,New Mexico,35,57,0,2020-03-11,10
1044,2020-03-21,New York,36,10356,80,2020-03-01,20
1045,2020-03-21,North Carolina,37,184,0,2020-03-03,18
1046,2020-03-21,North Dakota,38,28,0,2020-03-11,10
1047,2020-03-21,Ohio,39,247,3,2020-03-09,12
1048,2020-03-21,Oklahoma,40,53,1,2020-03-06,15
1049,2020-03-21,Oregon,41,137,4,2020-02-28,22
1050,2020-03-21,Pennsylvania,42,388,2,2020-03-06,15
1051,2020-03-21,Puerto Rico,72,21,1,2020-03-13,8
1052,2020-03-21,Rhode Island,44,66,0,2020-03-01,20
1053,2020-03-21,South Carolina,45,172,3,2020-03-06,15
1054,2020-03-21,South Dakota,46,14,1,2020-03-10,11
1055,2020-03-21,Tennessee,47,312,2,2020-03-05,16
1056,2020-03-21,Texas,48,547,5,2020-02-12,38
1057,2020-03-21,Utah,49,138,0,2020-02-25,25
1058,2020-03-21,Vermont,50,49,2,2020-03-07,14
1059,2020-03-21,Virgin Islands,78,6,0,2020-03-14,7
1060,2020-03-21,Virginia,51,152,3,2020-03-07,14
1061,2020-03-21,Washington,53,1655,95,2020-01-21,60
1062,2020-03-21,West Virginia,54,12,0,2020-03-17,4
1063,2020-03-21,Wisconsin,55,281,4,2020-02-05,45
1064,2020-03-21,Wyoming,56,24,0,2020-03-11,10
1065,2020-03-22,Alabama,1,157,0,2020-03-13,9
1066,2020-03-22,Alaska,2,22,0,2020-03-12,10
1067,2020-03-22,Arizona,4,153,2,2020-01-26,56
1068,2020-03-22,Arkansas,5,165,0,2020-03-11,11
1069,2020-03-22,California,6,1851,35,2020-01-25,57
1070,2020-03-22,Colorado,8,591,7,2020-03-05,17
1071,2020-03-22,Connecticut,9,327,8,2020-03-08,14
1072,2020-03-22,Delaware,10,56,0,2020-03-11,11
1073,2020-03-22,District of Columbia,11,116,2,2020-03-07,15
1074,2020-03-22,Florida,12,1000,13,2020-03-01,21
1075,2020-03-22,Georgia,13,620,25,2020-03-02,20
1076,2020-03-22,Guam,66,27,1,2020-03-15,7
1077,2020-03-22,Hawaii,15,56,0,2020-03-06,16
1078,2020-03-22,Idaho,16,47,0,2020-03-13,9
1079,2020-03-22,Illinois,17,1047,9,2020-01-24,58
1080,2020-03-22,Indiana,18,201,6,2020-03-06,16
1081,2020-03-22,Iowa,19,90,0,2020-03-08,14
1082,2020-03-22,Kansas,20,66,2,2020-03-07,15
1083,2020-03-22,Kentucky,21,103,3,2020-03-06,16
1084,2020-03-22,Louisiana,22,837,20,2020-03-09,13
1085,2020-03-22,Maine,23,89,0,2020-03-12,10
1086,2020-03-22,Maryland,24,245,3,2020-03-05,17
1087,2020-03-22,Massachusetts,25,646,5,2020-02-01,50
1088,2020-03-22,Michigan,26,1033,9,2020-03-10,12
1089,2020-03-22,Minnesota,27,171,1,2020-03-06,16
1090,2020-03-22,Mississippi,28,207,1,2020-03-11,11
1091,2020-03-22,Missouri,29,130,3,2020-03-07,15
1092,2020-03-22,Montana,30,34,0,2020-03-13,9
1093,2020-03-22,Nebraska,31,62,0,2020-02-17,34
1094,2020-03-22,Nevada,32,190,2,2020-03-05,17
1095,2020-03-22,New Hampshire,33,78,0,2020-03-02,20
1096,2020-03-22,New Jersey,34,1914,20,2020-03-04,18
1097,2020-03-22,New Mexico,35,65,0,2020-03-11,11
1098,2020-03-22,New York,36,15168,122,2020-03-01,21
1099,2020-03-22,North Carolina,37,269,0,2020-03-03,19
1100,2020-03-22,North Dakota,38,30,0,2020-03-11,11
1101,2020-03-22,Ohio,39,351,3,2020-03-09,13
1102,2020-03-22,Oklahoma,40,67,2,2020-03-06,16
1103,2020-03-22,Oregon,41,161,5,2020-02-28,23
1104,2020-03-22,Pennsylvania,42,504,3,2020-03-06,16
1105,2020-03-22,Puerto Rico,72,23,1,2020-03-13,9
1106,2020-03-22,Rhode Island,44,83,0,2020-03-01,21
1107,2020-03-22,South Carolina,45,194,3,2020-03-06,16
1108,2020-03-22,South Dakota,46,21,1,2020-03-10,12
1109,2020-03-22,Tennessee,47,424,2,2020-03-05,17
1110,2020-03-22,Texas,48,632,7,2020-02-12,39
1111,2020-03-22,Utah,49,182,1,2020-02-25,26
1112,2020-03-22,Vermont,50,52,2,2020-03-07,15
1113,2020-03-22,Virgin Islands,78,17,0,2020-03-14,8
1114,2020-03-22,Virginia,51,219,6,2020-03-07,15
1115,2020-03-22,Washington,53,1844,97,2020-01-21,61
1116,2020-03-22,West Virginia,54,16,0,2020-03-17,5
1117,2020-03-22,Wisconsin,55,382,4,2020-02-05,46
1118,2020-03-22,Wyoming,56,26,0,2020-03-11,11
1119,2020-03-23,Alabama,1,196,0,2020-03-13,10
1120,2020-03-23,Alaska,2,36,0,2020-03-12,11
1121,2020-03-23,Arizona,4,234,2,2020-01-26,57
1122,2020-03-23,Arkansas,5,201,0,2020-03-11,12
1123,2020-03-23,California,6,2240,39,2020-01-25,58
1124,2020-03-23,Colorado,8,721,10,2020-03-05,18
1125,2020-03-23,Connecticut,9,415,10,2020-03-08,15
1126,2020-03-23,Delaware,10,87,0,2020-03-11,12
1127,2020-03-23,District of Columbia,11,138,2,2020-03-07,16
1128,2020-03-23,Florida,12,1222,18,2020-03-01,22
1129,2020-03-23,Georgia,13,800,25,2020-03-02,21
1130,2020-03-23,Guam,66,29,1,2020-03-15,8
1131,2020-03-23,Hawaii,15,77,0,2020-03-06,17
1132,2020-03-23,Idaho,16,50,0,2020-03-13,10
1133,2020-03-23,Illinois,17,1285,12,2020-01-24,59
1134,2020-03-23,Indiana,18,259,7,2020-03-06,17
1135,2020-03-23,Iowa,19,105,0,2020-03-08,15
1136,2020-03-23,Kansas,20,82,2,2020-03-07,16
1137,2020-03-23,Kentucky,21,124,3,2020-03-06,17
1138,2020-03-23,Louisiana,22,1172,34,2020-03-09,14
1139,2020-03-23,Maine,23,107,0,2020-03-12,11
1140,2020-03-23,Maryland,24,290,3,2020-03-05,18
1141,2020-03-23,Massachusetts,25,777,5,2020-02-01,51
1142,2020-03-23,Michigan,26,1324,16,2020-03-10,13
1143,2020-03-23,Minnesota,27,235,1,2020-03-06,17
1144,2020-03-23,Mississippi,28,249,1,2020-03-11,12
1145,2020-03-23,Missouri,29,183,4,2020-03-07,16
1146,2020-03-23,Montana,30,45,0,2020-03-13,10
1147,2020-03-23,Nebraska,31,73,0,2020-02-17,35
1148,2020-03-23,Nevada,32,265,4,2020-03-05,18
1149,2020-03-23,New Hampshire,33,101,1,2020-03-02,21
1150,2020-03-23,New Jersey,34,2844,27,2020-03-04,19
1151,2020-03-23,New Mexico,35,83,0,2020-03-11,12
1152,2020-03-23,New York,36,20875,159,2020-03-01,22
1153,2020-03-23,North Carolina,37,303,0,2020-03-03,20
1154,2020-03-23,North Dakota,38,32,0,2020-03-11,12
1155,2020-03-23,Ohio,39,444,6,2020-03-09,14
1156,2020-03-23,Oklahoma,40,81,2,2020-03-06,17
1157,2020-03-23,Oregon,41,191,5,2020-02-28,24
1158,2020-03-23,Pennsylvania,42,644,6,2020-03-06,17
1159,2020-03-23,Puerto Rico,72,31,2,2020-03-13,10
1160,2020-03-23,Rhode Island,44,106,0,2020-03-01,22
1161,2020-03-23,South Carolina,45,299,5,2020-03-06,17
1162,2020-03-23,South Dakota,46,28,1,2020-03-10,13
1163,2020-03-23,Tennessee,47,522,2,2020-03-05,18
1164,2020-03-23,Texas,48,728,7,2020-02-12,40
1165,2020-03-23,Utah,49,257,1,2020-02-25,27
1166,2020-03-23,Vermont,50,75,2,2020-03-07,16
1167,2020-03-23,Virgin Islands,78,17,0,2020-03-14,9
1168,2020-03-23,Virginia,51,254,6,2020-03-07,16
1169,2020-03-23,Washington,53,2101,110,2020-01-21,62
1170,2020-03-23,West Virginia,54,16,0,2020-03-17,6
1171,2020-03-23,Wisconsin,55,418,5,2020-02-05,47
1172,2020-03-23,Wyoming,56,28,0,2020-03-11,12
1173,2020-03-24,Alabama,1,242,0,2020-03-13,11
1174,2020-03-24,Alaska,2,42,0,2020-03-12,12
1175,2020-03-24,Arizona,4,326,6,2020-01-26,58
1176,2020-03-24,Arkansas,5,232,2,2020-03-11,13
1177,2020-03-24,California,6,2644,52,2020-01-25,59
1178,2020-03-24,Colorado,8,912,11,2020-03-05,19
1179,2020-03-24,Connecticut,9,618,12,2020-03-08,16
1180,2020-03-24,Delaware,10,104,0,2020-03-11,13
1181,2020-03-24,District of Columbia,11,183,2,2020-03-07,17
1182,2020-03-24,Florida,12,1467,19,2020-03-01,23
1183,2020-03-24,Georgia,13,1097,38,2020-03-02,22
1184,2020-03-24,Guam,66,32,1,2020-03-15,9
1185,2020-03-24,Hawaii,15,90,0,2020-03-06,18
1186,2020-03-24,Idaho,16,73,0,2020-03-13,11
1187,2020-03-24,Illinois,17,1535,16,2020-01-24,60
1188,2020-03-24,Indiana,18,366,12,2020-03-06,18
1189,2020-03-24,Iowa,19,124,1,2020-03-08,16
1190,2020-03-24,Kansas,20,99,3,2020-03-07,17
1191,2020-03-24,Kentucky,21,157,3,2020-03-06,18
1192,2020-03-24,Louisiana,22,1388,46,2020-03-09,15
1193,2020-03-24,Maine,23,118,0,2020-03-12,12
1194,2020-03-24,Maryland,24,349,4,2020-03-05,19
1195,2020-03-24,Massachusetts,25,1159,11,2020-02-01,52
1196,2020-03-24,Michigan,26,1791,24,2020-03-10,14
1197,2020-03-24,Minnesota,27,262,1,2020-03-06,18
1198,2020-03-24,Mississippi,28,320,1,2020-03-11,13
1199,2020-03-24,Missouri,29,255,5,2020-03-07,17
1200,2020-03-24,Montana,30,51,0,2020-03-13,11
1201,2020-03-24,Nebraska,31,77,0,2020-02-17,36
1202,2020-03-24,Nevada,32,315,6,2020-03-05,19
1203,2020-03-24,New Hampshire,33,108,1,2020-03-02,22
1204,2020-03-24,New Jersey,34,3675,44,2020-03-04,20
1205,2020-03-24,New Mexico,35,100,0,2020-03-11,13
1206,2020-03-24,New York,36,25665,218,2020-03-01,23
1207,2020-03-24,North Carolina,37,399,0,2020-03-03,21
1208,2020-03-24,North Dakota,38,36,0,2020-03-11,13
1209,2020-03-24,Ohio,39,564,8,2020-03-09,15
1210,2020-03-24,Oklahoma,40,106,3,2020-03-06,18
1211,2020-03-24,Oregon,41,209,8,2020-02-28,25
1212,2020-03-24,Pennsylvania,42,851,7,2020-03-06,18
1213,2020-03-24,Puerto Rico,72,39,2,2020-03-13,11
1214,2020-03-24,Rhode Island,44,124,0,2020-03-01,23
1215,2020-03-24,South Carolina,45,342,7,2020-03-06,18
1216,2020-03-24,South Dakota,46,30,1,2020-03-10,14
1217,2020-03-24,Tennessee,47,679,2,2020-03-05,19
1218,2020-03-24,Texas,48,857,11,2020-02-12,41
1219,2020-03-24,Utah,49,298,1,2020-02-25,28
1220,2020-03-24,Vermont,50,95,7,2020-03-07,17
1221,2020-03-24,Virgin Islands,78,17,0,2020-03-14,10
1222,2020-03-24,Virginia,51,290,7,2020-03-07,17
1223,2020-03-24,Washington,53,2469,123,2020-01-21,63
1224,2020-03-24,West Virginia,54,39,0,2020-03-17,7
1225,2020-03-24,Wisconsin,55,481,5,2020-02-05,48
1226,2020-03-24,Wyoming,56,37,0,2020-03-11,13
1227,2020-03-25,Alabama,1,386,1,2020-03-13,12
1228,2020-03-25,Alaska,2,59,0,2020-03-12,13
1229,2020-03-25,Arizona,4,402,6,2020-01-26,59
1230,2020-03-25,Arkansas,5,308,2,2020-03-11,14
1231,2020-03-25,California,6,3183,67,2020-01-25,60
1232,2020-03-25,Colorado,8,1086,19,2020-03-05,20
1233,2020-03-25,Connecticut,9,875,19,2020-03-08,17
1234,2020-03-25,Delaware,10,119,0,2020-03-11,14
1235,2020-03-25,District of Columbia,11,231,3,2020-03-07,18
1236,2020-03-25,Florida,12,1965,23,2020-03-01,24
1237,2020-03-25,Georgia,13,1387,47,2020-03-02,23
1238,2020-03-25,Guam,66,32,1,2020-03-15,10
1239,2020-03-25,Hawaii,15,95,0,2020-03-06,19
1240,2020-03-25,Idaho,16,123,0,2020-03-13,12
1241,2020-03-25,Illinois,17,1875,21,2020-01-24,61
1242,2020-03-25,Indiana,18,479,14,2020-03-06,19
1243,2020-03-25,Iowa,19,145,1,2020-03-08,17
1244,2020-03-25,Kansas,20,132,3,2020-03-07,18
1245,2020-03-25,Kentucky,21,198,5,2020-03-06,19
1246,2020-03-25,Louisiana,22,1795,65,2020-03-09,16
1247,2020-03-25,Maine,23,142,0,2020-03-12,13
1248,2020-03-25,Maryland,24,423,4,2020-03-05,20
1249,2020-03-25,Massachusetts,25,1838,15,2020-02-01,53
1250,2020-03-25,Michigan,26,2294,43,2020-03-10,15
1251,2020-03-25,Minnesota,27,287,1,2020-03-06,19
1252,2020-03-25,Mississippi,28,377,5,2020-03-11,14
1253,2020-03-25,Missouri,29,377,8,2020-03-07,18
1254,2020-03-25,Montana,30,65,0,2020-03-13,12
1255,2020-03-25,Nebraska,31,84,0,2020-02-17,37
1256,2020-03-25,Nevada,32,405,10,2020-03-05,20
1257,2020-03-25,New Hampshire,33,137,1,2020-03-02,23
1258,2020-03-25,New Jersey,34,4402,62,2020-03-04,21
1259,2020-03-25,New Mexico,35,112,1,2020-03-11,14
1260,2020-03-25,New York,36,33066,325,2020-03-01,24
1261,2020-03-25,North Carolina,37,563,1,2020-03-03,22
1262,2020-03-25,North Dakota,38,45,0,2020-03-11,14
1263,2020-03-25,Ohio,39,706,11,2020-03-09,16
1264,2020-03-25,Oklahoma,40,164,5,2020-03-06,19
1265,2020-03-25,Oregon,41,266,10,2020-02-28,26
1266,2020-03-25,Pennsylvania,42,1151,11,2020-03-06,19
1267,2020-03-25,Puerto Rico,72,51,2,2020-03-13,12
1268,2020-03-25,Rhode Island,44,132,0,2020-03-01,24
1269,2020-03-25,South Carolina,45,424,7,2020-03-06,19
1270,2020-03-25,South Dakota,46,41,1,2020-03-10,15
1271,2020-03-25,Tennessee,47,806,3,2020-03-05,20
1272,2020-03-25,Texas,48,1119,12,2020-02-12,42
1273,2020-03-25,Utah,49,346,1,2020-02-25,29
1274,2020-03-25,Vermont,50,123,8,2020-03-07,18
1275,2020-03-25,Virgin Islands,78,17,0,2020-03-14,11
1276,2020-03-25,Virginia,51,391,9,2020-03-07,18
1277,2020-03-25,Washington,53,2585,130,2020-01-21,64
1278,2020-03-25,West Virginia,54,51,0,2020-03-17,8
1279,2020-03-25,Wisconsin,55,623,7,2020-02-05,49
1280,2020-03-25,Wyoming,56,49,0,2020-03-11,14
1281,2020-03-26,Alabama,1,538,3,2020-03-13,13
1282,2020-03-26,Alaska,2,69,0,2020-03-12,14
1283,2020-03-26,Arizona,4,508,8,2020-01-26,60
1284,2020-03-26,Arkansas,5,351,3,2020-03-11,15
1285,2020-03-26,California,6,4060,82,2020-01-25,61
1286,2020-03-26,Colorado,8,1432,24,2020-03-05,21
1287,2020-03-26,Connecticut,9,1012,21,2020-03-08,18
1288,2020-03-26,Delaware,10,143,1,2020-03-11,15
1289,2020-03-26,District of Columbia,11,267,3,2020-03-07,19
1290,2020-03-26,Florida,12,2477,29,2020-03-01,25
1291,2020-03-26,Georgia,13,1643,56,2020-03-02,24
1292,2020-03-26,Guam,66,49,1,2020-03-15,11
1293,2020-03-26,Hawaii,15,106,0,2020-03-06,20
1294,2020-03-26,Idaho,16,189,3,2020-03-13,13
1295,2020-03-26,Illinois,17,2538,26,2020-01-24,62
1296,2020-03-26,Indiana,18,656,18,2020-03-06,20
1297,2020-03-26,Iowa,19,179,1,2020-03-08,18
1298,2020-03-26,Kansas,20,171,3,2020-03-07,19
1299,2020-03-26,Kentucky,21,248,5,2020-03-06,20
1300,2020-03-26,Louisiana,22,2305,83,2020-03-09,17
1301,2020-03-26,Maine,23,155,0,2020-03-12,14
1302,2020-03-26,Maryland,24,581,4,2020-03-05,21
1303,2020-03-26,Massachusetts,25,2417,25,2020-02-01,54
1304,2020-03-26,Michigan,26,2878,63,2020-03-10,16
1305,2020-03-26,Minnesota,27,346,2,2020-03-06,20
1306,2020-03-26,Mississippi,28,487,6,2020-03-11,15
1307,2020-03-26,Missouri,29,507,8,2020-03-07,19
1308,2020-03-26,Montana,30,90,0,2020-03-13,13
1309,2020-03-26,Nebraska,31,92,0,2020-02-17,38
1310,2020-03-26,Nevada,32,535,10,2020-03-05,21
1311,2020-03-26,New Hampshire,33,158,1,2020-03-02,24
1312,2020-03-26,New Jersey,34,6876,81,2020-03-04,22
1313,2020-03-26,New Mexico,35,136,1,2020-03-11,15
1314,2020-03-26,New York,36,38987,432,2020-03-01,25
1315,2020-03-26,North Carolina,37,638,2,2020-03-03,23
1316,2020-03-26,North Dakota,38,58,0,2020-03-11,15
1317,2020-03-26,Ohio,39,867,15,2020-03-09,17
1318,2020-03-26,Oklahoma,40,248,7,2020-03-06,20
1319,2020-03-26,Oregon,41,316,11,2020-02-28,27
1320,2020-03-26,Pennsylvania,42,1690,16,2020-03-06,20
1321,2020-03-26,Puerto Rico,72,64,2,2020-03-13,13
1322,2020-03-26,Rhode Island,44,165,0,2020-03-01,25
1323,2020-03-26,South Carolina,45,456,9,2020-03-06,20
1324,2020-03-26,South Dakota,46,46,1,2020-03-10,16
1325,2020-03-26,Tennessee,47,981,3,2020-03-05,21
1326,2020-03-26,Texas,48,1543,21,2020-02-12,43
1327,2020-03-26,Utah,49,402,1,2020-02-25,30
1328,2020-03-26,Vermont,50,158,9,2020-03-07,19
1329,2020-03-26,Virgin Islands,78,17,0,2020-03-14,12
1330,2020-03-26,Virginia,51,604,14,2020-03-07,19
1331,2020-03-26,Washington,53,3208,151,2020-01-21,65
1332,2020-03-26,West Virginia,54,76,0,2020-03-17,9
1333,2020-03-26,Wisconsin,55,754,10,2020-02-05,50
1334,2020-03-26,Wyoming,56,56,0,2020-03-11,15
1335,2020-03-27,Alabama,1,639,4,2020-03-13,14
1336,2020-03-27,Alaska,2,85,1,2020-03-12,15
1337,2020-03-27,Arizona,4,665,15,2020-01-26,61
1338,2020-03-27,Arkansas,5,386,3,2020-03-11,16
1339,2020-03-27,California,6,4914,102,2020-01-25,62
1340,2020-03-27,Colorado,8,1735,31,2020-03-05,22
1341,2020-03-27,Connecticut,9,1291,27,2020-03-08,19
1342,2020-03-27,Delaware,10,165,2,2020-03-11,16
1343,2020-03-27,District of Columbia,11,304,4,2020-03-07,20
1344,2020-03-27,Florida,12,3198,46,2020-03-01,26
1345,2020-03-27,Georgia,13,2198,64,2020-03-02,25
1346,2020-03-27,Guam,66,53,1,2020-03-15,12
1347,2020-03-27,Hawaii,15,120,0,2020-03-06,21
1348,2020-03-27,Idaho,16,231,4,2020-03-13,14
1349,2020-03-27,Illinois,17,3029,37,2020-01-24,63
1350,2020-03-27,Indiana,18,982,26,2020-03-06,21
1351,2020-03-27,Iowa,19,235,3,2020-03-08,19
1352,2020-03-27,Kansas,20,212,4,2020-03-07,20
1353,2020-03-27,Kentucky,21,302,8,2020-03-06,21
1354,2020-03-27,Louisiana,22,2746,119,2020-03-09,18
1355,2020-03-27,Maine,23,168,1,2020-03-12,15
1356,2020-03-27,Maryland,24,775,5,2020-03-05,22
1357,2020-03-27,Massachusetts,25,3240,35,2020-02-01,55
1358,2020-03-27,Michigan,26,3657,93,2020-03-10,17
1359,2020-03-27,Minnesota,27,398,4,2020-03-06,21
1360,2020-03-27,Mississippi,28,579,8,2020-03-11,16
1361,2020-03-27,Missouri,29,671,9,2020-03-07,20
1362,2020-03-27,Montana,30,121,1,2020-03-13,14
1363,2020-03-27,Nebraska,31,100,2,2020-02-17,39
1364,2020-03-27,Nevada,32,621,10,2020-03-05,22
1365,2020-03-27,New Hampshire,33,187,2,2020-03-02,25
1366,2020-03-27,New Jersey,34,8825,108,2020-03-04,23
1367,2020-03-27,New Mexico,35,191,1,2020-03-11,16
1368,2020-03-27,New York,36,44635,535,2020-03-01,26
1369,2020-03-27,North Carolina,37,783,3,2020-03-03,24
1370,2020-03-27,North Dakota,38,68,1,2020-03-11,16
1371,2020-03-27,Ohio,39,1144,22,2020-03-09,18
1372,2020-03-27,Oklahoma,40,322,8,2020-03-06,21
1373,2020-03-27,Oregon,41,414,12,2020-02-28,28
1374,2020-03-27,Pennsylvania,42,2218,23,2020-03-06,21
1375,2020-03-27,Puerto Rico,72,79,3,2020-03-13,14
1376,2020-03-27,Rhode Island,44,203,0,2020-03-01,26
1377,2020-03-27,South Carolina,45,539,13,2020-03-06,21
1378,2020-03-27,South Dakota,46,58,1,2020-03-10,17
1379,2020-03-27,Tennessee,47,1180,6,2020-03-05,22
1380,2020-03-27,Texas,48,1942,23,2020-02-12,44
1381,2020-03-27,Utah,49,480,2,2020-02-25,31
1382,2020-03-27,Vermont,50,184,10,2020-03-07,20
1383,2020-03-27,Virgin Islands,78,19,0,2020-03-14,13
1384,2020-03-27,Virginia,51,606,14,2020-03-07,20
1385,2020-03-27,Washington,53,3770,177,2020-01-21,66
1386,2020-03-27,West Virginia,54,96,0,2020-03-17,10
1387,2020-03-27,Wisconsin,55,930,16,2020-02-05,51
1388,2020-03-27,Wyoming,56,73,0,2020-03-11,16
1389,2020-03-28,Alabama,1,720,4,2020-03-13,15
1390,2020-03-28,Alaska,2,102,1,2020-03-12,16
1391,2020-03-28,Arizona,4,773,15,2020-01-26,62
1392,2020-03-28,Arkansas,5,409,5,2020-03-11,17
1393,2020-03-28,California,6,5565,121,2020-01-25,63
1394,2020-03-28,Colorado,8,2061,44,2020-03-05,23
1395,2020-03-28,Connecticut,9,1524,33,2020-03-08,20
1396,2020-03-28,Delaware,10,214,5,2020-03-11,17
1397,2020-03-28,District of Columbia,11,342,4,2020-03-07,21
1398,2020-03-28,Florida,12,4038,56,2020-03-01,27
1399,2020-03-28,Georgia,13,2447,79,2020-03-02,26
1400,2020-03-28,Guam,66,57,1,2020-03-15,13
1401,2020-03-28,Hawaii,15,151,0,2020-03-06,22
1402,2020-03-28,Idaho,16,261,5,2020-03-13,15
1403,2020-03-28,Illinois,17,3547,50,2020-01-24,64
1404,2020-03-28,Indiana,18,1232,31,2020-03-06,22
1405,2020-03-28,Iowa,19,298,3,2020-03-08,20
1406,2020-03-28,Kansas,20,271,6,2020-03-07,21
1407,2020-03-28,Kentucky,21,394,9,2020-03-06,22
1408,2020-03-28,Louisiana,22,3315,137,2020-03-09,19
1409,2020-03-28,Maine,23,211,1,2020-03-12,16
1410,2020-03-28,Maryland,24,1066,10,2020-03-05,23
1411,2020-03-28,Massachusetts,25,4257,44,2020-02-01,56
1412,2020-03-28,Michigan,26,4635,111,2020-03-10,18
1413,2020-03-28,Minnesota,27,441,5,2020-03-06,22
1414,2020-03-28,Mississippi,28,669,13,2020-03-11,17
1415,2020-03-28,Missouri,29,838,10,2020-03-07,21
1416,2020-03-28,Montana,30,147,1,2020-03-13,15
1417,2020-03-28,Nebraska,31,122,2,2020-02-17,40
1418,2020-03-28,Nevada,32,738,14,2020-03-05,23
1419,2020-03-28,New Hampshire,33,214,2,2020-03-02,26
1420,2020-03-28,New Jersey,34,11124,140,2020-03-04,24
1421,2020-03-28,New Mexico,35,208,2,2020-03-11,17
1422,2020-03-28,New York,36,53363,782,2020-03-01,27
1423,2020-03-28,North Carolina,37,972,4,2020-03-03,25
1424,2020-03-28,North Dakota,38,94,1,2020-03-11,17
1425,2020-03-28,Northern Mariana Islands,69,2,0,2020-03-28,0
1426,2020-03-28,Ohio,39,1406,25,2020-03-09,19
1427,2020-03-28,Oklahoma,40,377,15,2020-03-06,22
1428,2020-03-28,Oregon,41,479,13,2020-02-28,29
1429,2020-03-28,Pennsylvania,42,2815,35,2020-03-06,22
1430,2020-03-28,Puerto Rico,72,100,3,2020-03-13,15
1431,2020-03-28,Rhode Island,44,239,2,2020-03-01,27
1432,2020-03-28,South Carolina,45,660,15,2020-03-06,22
1433,2020-03-28,South Dakota,46,68,1,2020-03-10,18
1434,2020-03-28,Tennessee,47,1364,6,2020-03-05,23
1435,2020-03-28,Texas,48,2161,29,2020-02-12,45
1436,2020-03-28,Utah,49,608,2,2020-02-25,32
1437,2020-03-28,Vermont,50,211,12,2020-03-07,21
1438,2020-03-28,Virgin Islands,78,19,0,2020-03-14,14
1439,2020-03-28,Virginia,51,740,17,2020-03-07,21
1440,2020-03-28,Washington,53,4311,191,2020-01-21,67
1441,2020-03-28,West Virginia,54,113,0,2020-03-17,11
1442,2020-03-28,Wisconsin,55,1042,17,2020-02-05,52
1443,2020-03-28,Wyoming,56,84,0,2020-03-11,17
1444,2020-03-29,Alabama,1,830,5,2020-03-13,16
1445,2020-03-29,Alaska,2,114,1,2020-03-12,17
1446,2020-03-29,Arizona,4,929,18,2020-01-26,63
1447,2020-03-29,Arkansas,5,449,6,2020-03-11,18
1448,2020-03-29,California,6,6266,130,2020-01-25,64
1449,2020-03-29,Colorado,8,2315,47,2020-03-05,24
1450,2020-03-29,Connecticut,9,1993,34,2020-03-08,21
1451,2020-03-29,Delaware,10,232,6,2020-03-11,18
1452,2020-03-29,District of Columbia,11,342,4,2020-03-07,22
1453,2020-03-29,Florida,12,4942,59,2020-03-01,28
1454,2020-03-29,Georgia,13,2683,83,2020-03-02,27
1455,2020-03-29,Guam,66,58,1,2020-03-15,14
1456,2020-03-29,Hawaii,15,175,0,2020-03-06,23
1457,2020-03-29,Idaho,16,310,6,2020-03-13,16
1458,2020-03-29,Illinois,17,4613,70,2020-01-24,65
1459,2020-03-29,Indiana,18,1514,32,2020-03-06,23
1460,2020-03-29,Iowa,19,336,4,2020-03-08,21
1461,2020-03-29,Kansas,20,332,7,2020-03-07,22
1462,2020-03-29,Kentucky,21,439,9,2020-03-06,23
1463,2020-03-29,Louisiana,22,3540,152,2020-03-09,20
1464,2020-03-29,Maine,23,253,3,2020-03-12,17
1465,2020-03-29,Maryland,24,1244,11,2020-03-05,24
1466,2020-03-29,Massachusetts,25,4955,48,2020-02-01,57
1467,2020-03-29,Michigan,26,5486,132,2020-03-10,19
1468,2020-03-29,Minnesota,27,504,9,2020-03-06,23
1469,2020-03-29,Mississippi,28,759,14,2020-03-11,18
1470,2020-03-29,Missouri,29,903,12,2020-03-07,22
1471,2020-03-29,Montana,30,161,1,2020-03-13,16
1472,2020-03-29,Nebraska,31,137,2,2020-02-17,41
1473,2020-03-29,Nevada,32,920,15,2020-03-05,24
1474,2020-03-29,New Hampshire,33,258,3,2020-03-02,27
1475,2020-03-29,New Jersey,34,13386,161,2020-03-04,25
1476,2020-03-29,New Mexico,35,237,2,2020-03-11,18
1477,2020-03-29,New York,36,59568,965,2020-03-01,28
1478,2020-03-29,North Carolina,37,1167,6,2020-03-03,26
1479,2020-03-29,North Dakota,38,98,1,2020-03-11,18
1480,2020-03-29,Northern Mariana Islands,69,2,0,2020-03-28,1
1481,2020-03-29,Ohio,39,1665,30,2020-03-09,20
1482,2020-03-29,Oklahoma,40,429,16,2020-03-06,23
1483,2020-03-29,Oregon,41,548,13,2020-02-28,30
1484,2020-03-29,Pennsylvania,42,3441,40,2020-03-06,23
1485,2020-03-29,Puerto Rico,72,127,5,2020-03-13,16
1486,2020-03-29,Rhode Island,44,294,3,2020-03-01,28
1487,2020-03-29,South Carolina,45,774,16,2020-03-06,23
1488,2020-03-29,South Dakota,46,90,1,2020-03-10,19
1489,2020-03-29,Tennessee,47,1570,7,2020-03-05,24
1490,2020-03-29,Texas,48,2712,35,2020-02-12,46
1491,2020-03-29,Utah,49,719,2,2020-02-25,33
1492,2020-03-29,Vermont,50,235,12,2020-03-07,22
1493,2020-03-29,Virgin Islands,78,23,0,2020-03-14,15
1494,2020-03-29,Virginia,51,890,22,2020-03-07,22
1495,2020-03-29,Washington,53,4896,207,2020-01-21,68
1496,2020-03-29,West Virginia,54,124,1,2020-03-17,12
1497,2020-03-29,Wisconsin,55,1120,17,2020-02-05,53
1498,2020-03-29,Wyoming,56,87,0,2020-03-11,18
1499,2020-03-30,Alabama,1,947,11,2020-03-13,17
1500,2020-03-30,Alaska,2,119,2,2020-03-12,18
1501,2020-03-30,Arizona,4,1169,20,2020-01-26,64
1502,2020-03-30,Arkansas,5,508,7,2020-03-11,19
1503,2020-03-30,California,6,7421,146,2020-01-25,65
1504,2020-03-30,Colorado,8,2628,51,2020-03-05,25
1505,2020-03-30,Connecticut,9,2571,36,2020-03-08,22
1506,2020-03-30,Delaware,10,264,7,2020-03-11,19
1507,2020-03-30,District of Columbia,11,495,9,2020-03-07,23
1508,2020-03-30,Florida,12,5694,71,2020-03-01,29
1509,2020-03-30,Georgia,13,3032,102,2020-03-02,28
1510,2020-03-30,Guam,66,60,1,2020-03-15,15
1511,2020-03-30,Hawaii,15,204,0,2020-03-06,24
1512,2020-03-30,Idaho,16,415,7,2020-03-13,17
1513,2020-03-30,Illinois,17,5070,84,2020-01-24,66
1514,2020-03-30,Indiana,18,1788,35,2020-03-06,24
1515,2020-03-30,Iowa,19,424,6,2020-03-08,22
1516,2020-03-30,Kansas,20,373,9,2020-03-07,23
1517,2020-03-30,Kentucky,21,480,11,2020-03-06,24
1518,2020-03-30,Louisiana,22,4025,186,2020-03-09,21
1519,2020-03-30,Maine,23,275,3,2020-03-12,18
1520,2020-03-30,Maryland,24,1414,15,2020-03-05,25
1521,2020-03-30,Massachusetts,25,5752,61,2020-02-01,58
1522,2020-03-30,Michigan,26,6508,197,2020-03-10,20
1523,2020-03-30,Minnesota,27,576,10,2020-03-06,24
1524,2020-03-30,Mississippi,28,848,16,2020-03-11,19
1525,2020-03-30,Missouri,29,1050,13,2020-03-07,23
1526,2020-03-30,Montana,30,177,4,2020-03-13,17
1527,2020-03-30,Nebraska,31,185,3,2020-02-17,42
1528,2020-03-30,Nevada,32,1044,18,2020-03-05,25
1529,2020-03-30,New Hampshire,33,314,3,2020-03-02,28
1530,2020-03-30,New Jersey,34,16636,199,2020-03-04,26
1531,2020-03-30,New Mexico,35,281,4,2020-03-11,19
1532,2020-03-30,New York,36,67174,1224,2020-03-01,29
1533,2020-03-30,North Carolina,37,1304,6,2020-03-03,27
1534,2020-03-30,North Dakota,38,109,3,2020-03-11,19
1535,2020-03-30,Northern Mariana Islands,69,2,0,2020-03-28,2
1536,2020-03-30,Ohio,39,1933,40,2020-03-09,21
1537,2020-03-30,Oklahoma,40,481,17,2020-03-06,24
1538,2020-03-30,Oregon,41,606,16,2020-02-28,31
1539,2020-03-30,Pennsylvania,42,4156,48,2020-03-06,24
1540,2020-03-30,Puerto Rico,72,174,6,2020-03-13,17
1541,2020-03-30,Rhode Island,44,408,4,2020-03-01,29
1542,2020-03-30,South Carolina,45,925,18,2020-03-06,24
1543,2020-03-30,South Dakota,46,101,1,2020-03-10,20
1544,2020-03-30,Tennessee,47,1721,13,2020-03-05,25
1545,2020-03-30,Texas,48,3043,46,2020-02-12,47
1546,2020-03-30,Utah,49,806,4,2020-02-25,34
1547,2020-03-30,Vermont,50,256,12,2020-03-07,23
1548,2020-03-30,Virgin Islands,78,30,0,2020-03-14,16
1549,2020-03-30,Virginia,51,1021,26,2020-03-07,23
1550,2020-03-30,Washington,53,5179,221,2020-01-21,69
1551,2020-03-30,West Virginia,54,145,1,2020-03-17,13
1552,2020-03-30,Wisconsin,55,1267,20,2020-02-05,54
1553,2020-03-30,Wyoming,56,95,0,2020-03-11,19
1554,2020-03-31,Alabama,1,999,13,2020-03-13,18
1555,2020-03-31,Alaska,2,133,2,2020-03-12,19
1556,2020-03-31,Arizona,4,1298,24,2020-01-26,65
1557,2020-03-31,Arkansas,5,564,8,2020-03-11,20
1558,2020-03-31,California,6,8582,183,2020-01-25,66
1559,2020-03-31,Colorado,8,2990,69,2020-03-05,26
1560,2020-03-31,Connecticut,9,3128,69,2020-03-08,23
1561,2020-03-31,Delaware,10,319,10,2020-03-11,20
1562,2020-03-31,District of Columbia,11,495,9,2020-03-07,24
1563,2020-03-31,Florida,12,6741,85,2020-03-01,30
1564,2020-03-31,Georgia,13,4117,125,2020-03-02,29
1565,2020-03-31,Guam,66,139,2,2020-03-15,16
1566,2020-03-31,Hawaii,15,224,1,2020-03-06,25
1567,2020-03-31,Idaho,16,526,9,2020-03-13,18
1568,2020-03-31,Illinois,17,5994,107,2020-01-24,67
1569,2020-03-31,Indiana,18,2159,50,2020-03-06,25
1570,2020-03-31,Iowa,19,498,7,2020-03-08,23
1571,2020-03-31,Kansas,20,434,10,2020-03-07,24
1572,2020-03-31,Kentucky,21,590,18,2020-03-06,25
1573,2020-03-31,Louisiana,22,5237,240,2020-03-09,22
1574,2020-03-31,Maine,23,303,5,2020-03-12,19
1575,2020-03-31,Maryland,24,1662,18,2020-03-05,26
1576,2020-03-31,Massachusetts,25,6620,89,2020-02-01,59
1577,2020-03-31,Michigan,26,7630,264,2020-03-10,21
1578,2020-03-31,Minnesota,27,629,12,2020-03-06,25
1579,2020-03-31,Mississippi,28,937,20,2020-03-11,20
1580,2020-03-31,Missouri,29,1351,15,2020-03-07,24
1581,2020-03-31,Montana,30,198,5,2020-03-13,18
1582,2020-03-31,Nebraska,31,193,4,2020-02-17,43
1583,2020-03-31,Nevada,32,1113,26,2020-03-05,26
1584,2020-03-31,New Hampshire,33,367,3,2020-03-02,29
1585,2020-03-31,New Jersey,34,18696,267,2020-03-04,27
1586,2020-03-31,New Mexico,35,315,5,2020-03-11,20
1587,2020-03-31,New York,36,75832,1550,2020-03-01,30
1588,2020-03-31,North Carolina,37,1528,10,2020-03-03,28
1589,2020-03-31,North Dakota,38,126,3,2020-03-11,20
1590,2020-03-31,Northern Mariana Islands,69,2,0,2020-03-28,3
1591,2020-03-31,Ohio,39,2199,55,2020-03-09,22
1592,2020-03-31,Oklahoma,40,566,23,2020-03-06,25
1593,2020-03-31,Oregon,41,690,18,2020-02-28,32
1594,2020-03-31,Pennsylvania,42,4997,72,2020-03-06,25
1595,2020-03-31,Puerto Rico,72,239,8,2020-03-13,18
1596,2020-03-31,Rhode Island,44,488,8,2020-03-01,30
1597,2020-03-31,South Carolina,45,1083,22,2020-03-06,25
1598,2020-03-31,South Dakota,46,108,1,2020-03-10,21
1599,2020-03-31,Tennessee,47,2049,13,2020-03-05,26
1600,2020-03-31,Texas,48,3576,57,2020-02-12,48
1601,2020-03-31,Utah,49,887,5,2020-02-25,35
1602,2020-03-31,Vermont,50,293,13,2020-03-07,24
1603,2020-03-31,Virgin Islands,78,30,0,2020-03-14,17
1604,2020-03-31,Virginia,51,1250,27,2020-03-07,24
1605,2020-03-31,Washington,53,5292,226,2020-01-21,70
1606,2020-03-31,West Virginia,54,162,1,2020-03-17,14
1607,2020-03-31,Wisconsin,55,1351,25,2020-02-05,55
1608,2020-03-31,Wyoming,56,120,0,2020-03-11,20
1609,2020-04-01,Alabama,1,1106,28,2020-03-13,19
1610,2020-04-01,Alaska,2,143,2,2020-03-12,20
1611,2020-04-01,Arizona,4,1413,29,2020-01-26,66
1612,2020-04-01,Arkansas,5,624,10,2020-03-11,21
1613,2020-04-01,California,6,9816,212,2020-01-25,67
1614,2020-04-01,Colorado,8,3346,80,2020-03-05,27
1615,2020-04-01,Connecticut,9,3557,85,2020-03-08,24
1616,2020-04-01,Delaware,10,368,11,2020-03-11,21
1617,2020-04-01,District of Columbia,11,586,11,2020-03-07,25
1618,2020-04-01,Florida,12,7765,100,2020-03-01,31
1619,2020-04-01,Georgia,13,4748,154,2020-03-02,30
1620,2020-04-01,Guam,66,147,3,2020-03-15,17
1621,2020-04-01,Hawaii,15,258,1,2020-03-06,26
1622,2020-04-01,Idaho,16,669,9,2020-03-13,19
1623,2020-04-01,Illinois,17,6980,146,2020-01-24,68
1624,2020-04-01,Indiana,18,2565,65,2020-03-06,26
1625,2020-04-01,Iowa,19,549,9,2020-03-08,24
1626,2020-04-01,Kansas,20,488,11,2020-03-07,25
1627,2020-04-01,Kentucky,21,682,20,2020-03-06,26
1628,2020-04-01,Louisiana,22,6424,273,2020-03-09,23
1629,2020-04-01,Maine,23,344,7,2020-03-12,20
1630,2020-04-01,Maryland,24,1985,33,2020-03-05,27
1631,2020-04-01,Massachusetts,25,7738,122,2020-02-01,60
1632,2020-04-01,Michigan,26,9293,336,2020-03-10,22
1633,2020-04-01,Minnesota,27,689,17,2020-03-06,26
1634,2020-04-01,Mississippi,28,1073,22,2020-03-11,21
1635,2020-04-01,Missouri,29,1581,18,2020-03-07,25
1636,2020-04-01,Montana,30,217,5,2020-03-13,19
1637,2020-04-01,Nebraska,31,249,5,2020-02-17,44
1638,2020-04-01,Nevada,32,1279,32,2020-03-05,27
1639,2020-04-01,New Hampshire,33,415,4,2020-03-02,30
1640,2020-04-01,New Jersey,34,22255,355,2020-03-04,28
1641,2020-04-01,New Mexico,35,363,6,2020-03-11,21
1642,2020-04-01,New York,36,83889,1941,2020-03-01,31
1643,2020-04-01,North Carolina,37,1582,11,2020-03-03,29
1644,2020-04-01,North Dakota,38,147,3,2020-03-11,21
1645,2020-04-01,Northern Mariana Islands,69,6,1,2020-03-28,4
1646,2020-04-01,Ohio,39,2547,65,2020-03-09,23
1647,2020-04-01,Oklahoma,40,719,30,2020-03-06,26
1648,2020-04-01,Oregon,41,736,19,2020-02-28,33
1649,2020-04-01,Pennsylvania,42,5805,74,2020-03-06,26
1650,2020-04-01,Puerto Rico,72,286,11,2020-03-13,19
1651,2020-04-01,Rhode Island,44,566,10,2020-03-01,31
1652,2020-04-01,South Carolina,45,1293,26,2020-03-06,26
1653,2020-04-01,South Dakota,46,129,2,2020-03-10,22
1654,2020-04-01,Tennessee,47,2690,23,2020-03-05,27
1655,2020-04-01,Texas,48,4261,63,2020-02-12,49
1656,2020-04-01,Utah,49,1012,7,2020-02-25,36
1657,2020-04-01,Vermont,50,321,16,2020-03-07,25
1658,2020-04-01,Virgin Islands,78,30,0,2020-03-14,18
1659,2020-04-01,Virginia,51,1511,34,2020-03-07,25
1660,2020-04-01,Washington,53,5588,249,2020-01-21,71
1661,2020-04-01,West Virginia,54,191,2,2020-03-17,15
1662,2020-04-01,Wisconsin,55,1550,33,2020-02-05,56
1663,2020-04-01,Wyoming,56,137,0,2020-03-11,21
1664,2020-04-02,Alabama,1,1270,32,2020-03-13,20
1665,2020-04-02,Alaska,2,146,2,2020-03-12,21
1666,2020-04-02,Arizona,4,1600,35,2020-01-26,67
1667,2020-04-02,Arkansas,5,683,12,2020-03-11,22
1668,2020-04-02,California,6,10995,243,2020-01-25,68
1669,2020-04-02,Colorado,8,3728,96,2020-03-05,28
1670,2020-04-02,Connecticut,9,3824,112,2020-03-08,25
1671,2020-04-02,Delaware,10,393,12,2020-03-11,22
1672,2020-04-02,District of Columbia,11,653,12,2020-03-07,26
1673,2020-04-02,Florida,12,9000,144,2020-03-01,32
1674,2020-04-02,Georgia,13,5444,176,2020-03-02,31
1675,2020-04-02,Guam,66,152,3,2020-03-15,18
1676,2020-04-02,Hawaii,15,283,2,2020-03-06,27
1677,2020-04-02,Idaho,16,891,9,2020-03-13,20
1678,2020-04-02,Illinois,17,7695,165,2020-01-24,69
1679,2020-04-02,Indiana,18,3039,78,2020-03-06,27
1680,2020-04-02,Iowa,19,614,11,2020-03-08,25
1681,2020-04-02,Kansas,20,554,14,2020-03-07,26
1682,2020-04-02,Kentucky,21,755,34,2020-03-06,27
1683,2020-04-02,Louisiana,22,9150,310,2020-03-09,24
1684,2020-04-02,Maine,23,376,7,2020-03-12,21
1685,2020-04-02,Maryland,24,2331,36,2020-03-05,28
1686,2020-04-02,Massachusetts,25,8966,154,2020-02-01,61
1687,2020-04-02,Michigan,26,10791,417,2020-03-10,23
1688,2020-04-02,Minnesota,27,742,18,2020-03-06,27
1689,2020-04-02,Mississippi,28,1177,26,2020-03-11,22
1690,2020-04-02,Missouri,29,1834,24,2020-03-07,26
1691,2020-04-02,Montana,30,241,6,2020-03-13,20
1692,2020-04-02,Nebraska,31,273,6,2020-02-17,45
1693,2020-04-02,Nevada,32,1458,38,2020-03-05,28
1694,2020-04-02,New Hampshire,33,479,5,2020-03-02,31
1695,2020-04-02,New Jersey,34,25590,539,2020-03-04,29
1696,2020-04-02,New Mexico,35,403,7,2020-03-11,22
1697,2020-04-02,New York,36,92770,2653,2020-03-01,32
1698,2020-04-02,North Carolina,37,1857,17,2020-03-03,30
1699,2020-04-02,North Dakota,38,159,3,2020-03-11,22
1700,2020-04-02,Northern Mariana Islands,69,8,1,2020-03-28,5
1701,2020-04-02,Ohio,39,2902,81,2020-03-09,24
1702,2020-04-02,Oklahoma,40,879,34,2020-03-06,27
1703,2020-04-02,Oregon,41,826,21,2020-02-28,34
1704,2020-04-02,Pennsylvania,42,7016,90,2020-03-06,27
1705,2020-04-02,Puerto Rico,72,316,12,2020-03-13,20
1706,2020-04-02,Rhode Island,44,657,12,2020-03-01,32
1707,2020-04-02,South Carolina,45,1554,31,2020-03-06,27
1708,2020-04-02,South Dakota,46,165,2,2020-03-10,23
1709,2020-04-02,Tennessee,47,2869,32,2020-03-05,28
1710,2020-04-02,Texas,48,4880,79,2020-02-12,50
1711,2020-04-02,Utah,49,1074,7,2020-02-25,37
1712,2020-04-02,Vermont,50,338,17,2020-03-07,26
1713,2020-04-02,Virgin Islands,78,37,0,2020-03-14,19
1714,2020-04-02,Virginia,51,1706,41,2020-03-07,26
1715,2020-04-02,Washington,53,6585,300,2020-01-21,72
1716,2020-04-02,West Virginia,54,217,2,2020-03-17,16
1717,2020-04-02,Wisconsin,55,1730,37,2020-02-05,57
1718,2020-04-02,Wyoming,56,153,0,2020-03-11,22
